iso_code,continent,location,date,total_cases,total_deaths,total_cases_per_million,total_deaths_per_million,total_tests,total_tests_per_thousand,total_vaccinations,people_vaccinated,people_fully_vaccinated,total_vaccinations_per_hundred,people_vaccinated_per_hundred,people_fully_vaccinated_per_hundred,population,median_age,gdp_per_capita,human_development_index,CPI_score_2020,vaccines_used
AFG,Asia,Afghanistan,2021-04-01,56517,2489,1451.821,63.938,0,0,0,0,0,0,0,0,38928341,18.6,1803.987,0.511,19,Beijing CNBG - Inactivated
AFG,Asia,Afghanistan,2021-04-01,56517,2489,1451.821,63.938,0,0,0,0,0,0,0,0,38928341,18.6,1803.987,0.511,19,Pfizer BioNTech - Comirnaty
AFG,Asia,Afghanistan,2021-04-01,56517,2489,1451.821,63.938,0,0,0,0,0,0,0,0,38928341,18.6,1803.987,0.511,19,SII - Covishield
ALB,Europe,Albania,2021-04-01,125506,2241,43611.787,778.72,539484,187.464,155463,0,0,5.4,0,0,2877800,38,11803.431,0.795,36,AstraZeneca - AZD1222
ALB,Europe,Albania,2021-04-01,125506,2241,43611.787,778.72,539484,187.464,155463,0,0,5.4,0,0,2877800,38,11803.431,0.795,36,Pfizer BioNTech - Comirnaty
DZA,Africa,Algeria,2021-04-01,117304,3096,2675.056,70.603,0,0,0,0,0,0,0,0,43851043,29.1,13913.839,0.748,36,Beijing CNBG - Inactivated
DZA,Africa,Algeria,2021-04-01,117304,3096,2675.056,70.603,0,0,0,0,0,0,0,0,43851043,29.1,13913.839,0.748,36,Gamaleya - Sputnik V
DZA,Africa,Algeria,2021-04-01,117304,3096,2675.056,70.603,0,0,0,0,0,0,0,0,43851043,29.1,13913.839,0.748,36,SII - Covishield
AND,Europe,Andorra,2021-04-01,12053,115,155995.6,1488.384,0,0,0,0,0,0,0,0,77265,46.2,NA,0.868,NA,AstraZeneca - AZD1222
AND,Europe,Andorra,2021-04-01,12053,115,155995.6,1488.384,0,0,0,0,0,0,0,0,77265,46.2,NA,0.868,NA,Pfizer BioNTech - Comirnaty
AGO,Africa,Angola,2021-04-01,22399,538,681.519,16.369,0,0,0,0,0,0,0,0,32866268,16.8,5819.495,0.581,27,SII - Covishield
ATG,North America,Antigua and Barbuda,2021-04-01,1147,28,11712.687,285.924,0,0,0,0,0,0,0,0,97928,32.1,21490.943,0.778,NA,AstraZeneca - AZD1222
ATG,North America,Antigua and Barbuda,2021-04-01,1147,28,11712.687,285.924,0,0,0,0,0,0,0,0,97928,32.1,21490.943,0.778,NA,SII - Covishield
ARG,South America,Argentina,2021-04-01,2363251,55941,52289.199,1237.748,7565402,167.392,4023017,3342427,680590,8.9,7.4,1.51,45195777,31.9,18933.907,0.845,42,AstraZeneca - AZD1222
ARG,South America,Argentina,2021-04-01,2363251,55941,52289.199,1237.748,7565402,167.392,4023017,3342427,680590,8.9,7.4,1.51,45195777,31.9,18933.907,0.845,42,Beijing CNBG - Inactivated
ARG,South America,Argentina,2021-04-01,2363251,55941,52289.199,1237.748,7565402,167.392,4023017,3342427,680590,8.9,7.4,1.51,45195777,31.9,18933.907,0.845,42,Gamaleya - Sputnik V
ARG,South America,Argentina,2021-04-01,2363251,55941,52289.199,1237.748,7565402,167.392,4023017,3342427,680590,8.9,7.4,1.51,45195777,31.9,18933.907,0.845,42,SII - Covishield
ARM,Asia,Armenia,2021-04-01,193736,3533,65379.919,1192.278,860046,290.239,0,0,0,0,0,0,2963234,35.7,8787.58,0.776,49,Gamaleya - Sputnik V
AUS,Oceania,Australia,2021-04-01,29333,909,1150.319,35.647,15698886,615.645,744328,0,0,2.92,0,0,25499881,37.9,44648.71,0.944,77,AstraZeneca - AZD1222
AUS,Oceania,Australia,2021-04-01,29333,909,1150.319,35.647,15698886,615.645,744328,0,0,2.92,0,0,25499881,37.9,44648.71,0.944,77,Novavax - Covavax
AUS,Oceania,Australia,2021-04-01,29333,909,1150.319,35.647,15698886,615.645,744328,0,0,2.92,0,0,25499881,37.9,44648.71,0.944,77,Pfizer BioNTech - Comirnaty
AUT,Europe,Austria,2021-04-01,549592,9368,61022.384,1040.149,23805240,2643.147,1721992,1249653,472339,19.12,13.88,5.24,9006400,44.4,45436.686,0.922,76,AstraZeneca - AZD1222
AUT,Europe,Austria,2021-04-01,549592,9368,61022.384,1040.149,23805240,2643.147,1721992,1249653,472339,19.12,13.88,5.24,9006400,44.4,45436.686,0.922,76,Moderna - mRNA-1273
AUT,Europe,Austria,2021-04-01,549592,9368,61022.384,1040.149,23805240,2643.147,1721992,1249653,472339,19.12,13.88,5.24,9006400,44.4,45436.686,0.922,76,Pfizer BioNTech - Comirnaty
AZE,Asia,Azerbaijan,2021-04-01,263961,3593,26033.775,354.368,0,0,856363,558485,297878,8.45,5.51,2.94,10139175,32.4,15847.419,0.756,30,Sinovac - CoronaVac
BHS,North America,Bahamas,2021-04-01,9171,188,23321.161,478.07,0,0,0,0,0,0,0,0,393248,34.3,27717.847,0.814,63,AstraZeneca - AZD1222
BHS,North America,Bahamas,2021-04-01,9171,188,23321.161,478.07,0,0,0,0,0,0,0,0,393248,34.3,27717.847,0.814,63,SII - Covishield
BHR,Asia,Bahrain,2021-04-01,145380,523,85438.089,307.361,3581161,2104.606,775196,517603,257593,45.56,30.42,15.14,1701583,32.4,43290.705,0.852,42,AstraZeneca - AZD1222
BHR,Asia,Bahrain,2021-04-01,145380,523,85438.089,307.361,3581161,2104.606,775196,517603,257593,45.56,30.42,15.14,1701583,32.4,43290.705,0.852,42,Pfizer BioNTech - Comirnaty
BHR,Asia,Bahrain,2021-04-01,145380,523,85438.089,307.361,3581161,2104.606,775196,517603,257593,45.56,30.42,15.14,1701583,32.4,43290.705,0.852,42,Beijing CNBG - Inactivated
BHR,Asia,Bahrain,2021-04-01,145380,523,85438.089,307.361,3581161,2104.606,775196,517603,257593,45.56,30.42,15.14,1701583,32.4,43290.705,0.852,42,Gamaleya - Sputnik V
BGD,Asia,Bangladesh,2021-04-01,617764,9105,3751.086,55.286,4698340,28.528,5412691,5412691,0,3.29,3.29,0,164689383,27.5,3523.984,0.632,26,Pfizer BioNTech - Comirnaty
BGD,Asia,Bangladesh,2021-04-01,617764,9105,3751.086,55.286,4698340,28.528,5412691,5412691,0,3.29,3.29,0,164689383,27.5,3523.984,0.632,26,SII - Covishield
BRB,North America,Barbados,2021-04-01,3659,42,12732.67,146.153,0,0,63735,63735,0,22.18,22.18,0,287371,39.8,16978.068,0.814,64,AstraZeneca - AZD1222
BRB,North America,Barbados,2021-04-01,3659,42,12732.67,146.153,0,0,63735,63735,0,22.18,22.18,0,287371,39.8,16978.068,0.814,64,SII - Covishield
BLR,Europe,Belarus,2021-04-01,323043,2257,34186.901,238.853,5388505,570.253,0,0,0,0,0,0,9449321,40.3,17167.967,0.823,47,Gamaleya - Sputnik V
BEL,Europe,Belgium,2021-04-01,887920,23045,76613.41,1988.418,11304107,975.365,2037445,1469624,567821,17.58,12.68,4.9,11589616,41.8,42658.576,0.931,76,AstraZeneca - AZD1222
BEL,Europe,Belgium,2021-04-01,887920,23045,76613.41,1988.418,11304107,975.365,2037445,1469624,567821,17.58,12.68,4.9,11589616,41.8,42658.576,0.931,76,Janssen - Ad26.COV 2.5
BEL,Europe,Belgium,2021-04-01,887920,23045,76613.41,1988.418,11304107,975.365,2037445,1469624,567821,17.58,12.68,4.9,11589616,41.8,42658.576,0.931,76,Moderna - mRNA-1273
BEL,Europe,Belgium,2021-04-01,887920,23045,76613.41,1988.418,11304107,975.365,2037445,1469624,567821,17.58,12.68,4.9,11589616,41.8,42658.576,0.931,76,Pfizer BioNTech - Comirnaty
BLZ,North America,Belize,2021-04-01,12456,317,31326.313,797.242,0,0,0,0,0,0,0,0,397621,25,7824.362,0.716,NA,AstraZeneca - AZD1222
BLZ,North America,Belize,2021-04-01,12456,317,31326.313,797.242,0,0,0,0,0,0,0,0,397621,25,7824.362,0.716,NA,SII - Covishield
BEN,Africa,Benin,2021-04-01,7313,93,603.224,7.671,0,0,0,0,0,0,0,0,12123198,18.8,2064.236,0.545,41,SII - Covishield
BEN,Africa,Benin,2021-04-01,7313,93,603.224,7.671,0,0,0,0,0,0,0,0,12123198,18.8,2064.236,0.545,41,Sinovac - CoronaVac
BTN,Asia,Bhutan,2021-04-01,886,1,1148.245,1.296,0,0,434837,434837,0,56.35,56.35,0,771612,28.6,8708.597,0.654,68,Pfizer BioNTech - Comirnaty
BTN,Asia,Bhutan,2021-04-01,886,1,1148.245,1.296,0,0,434837,434837,0,56.35,56.35,0,771612,28.6,8708.597,0.654,68,SII - Covishield
BOL,South America,Bolivia,2021-04-01,273327,12280,23415.259,1051.998,914295,78.325,318115,203103,115012,2.73,1.74,0.99,11673029,25.4,6885.829,0.718,31,Beijing CNBG - Inactivated
BOL,South America,Bolivia,2021-04-01,273327,12280,23415.259,1051.998,914295,78.325,318115,203103,115012,2.73,1.74,0.99,11673029,25.4,6885.829,0.718,31,Gamaleya - Sputnik V
BOL,South America,Bolivia,2021-04-01,273327,12280,23415.259,1051.998,914295,78.325,318115,203103,115012,2.73,1.74,0.99,11673029,25.4,6885.829,0.718,31,SII - Covishield
BIH,Europe,Bosnia and Herzegovina,2021-04-01,171324,6675,52219.951,2034.555,796448,242.759,0,0,0,0,0,0,3280815,42.5,11713.895,0.78,35,AstraZeneca - AZD1222
BIH,Europe,Bosnia and Herzegovina,2021-04-01,171324,6675,52219.951,2034.555,796448,242.759,0,0,0,0,0,0,3280815,42.5,11713.895,0.78,35,Pfizer BioNTech - Comirnaty
BIH,Europe,Bosnia and Herzegovina,2021-04-01,171324,6675,52219.951,2034.555,796448,242.759,0,0,0,0,0,0,3280815,42.5,11713.895,0.78,35,Gamaleya - Sputnik V
BWA,Africa,Botswana,2021-04-01,40878,591,17382.874,251.316,0,0,0,0,0,0,0,0,2351625,25.8,15807.374,0.735,60,SII - Covishield
BRA,South America,Brazil,2021-04-01,12839844,325284,60405.908,1530.32,0,0,0,0,0,0,0,0,212559409,33.5,14103.452,0.765,38,AstraZeneca - AZD1222
BRA,South America,Brazil,2021-04-01,12839844,325284,60405.908,1530.32,0,0,0,0,0,0,0,0,212559409,33.5,14103.452,0.765,38,Pfizer BioNTech - Comirnaty
BRA,South America,Brazil,2021-04-01,12839844,325284,60405.908,1530.32,0,0,0,0,0,0,0,0,212559409,33.5,14103.452,0.765,38,SII - Covishield
BRA,South America,Brazil,2021-04-01,12839844,325284,60405.908,1530.32,0,0,0,0,0,0,0,0,212559409,33.5,14103.452,0.765,38,Sinovac - CoronaVac
BRN,Asia,Brunei,2021-04-01,213,3,486.876,6.857,0,0,0,0,0,0,0,0,437483,32.4,71809.251,0.838,60,AstraZeneca - AZD1222
BRN,Asia,Brunei,2021-04-01,213,3,486.876,6.857,0,0,0,0,0,0,0,0,437483,32.4,71809.251,0.838,60,Beijing CNBG - Inactivated
BRN,Asia,Brunei,2021-04-01,213,3,486.876,6.857,0,0,0,0,0,0,0,0,437483,32.4,71809.251,0.838,60,Janssen - Ad26.COV 2.5
BRN,Asia,Brunei,2021-04-01,213,3,486.876,6.857,0,0,0,0,0,0,0,0,437483,32.4,71809.251,0.838,60,Moderna - mRNA-1273
BRN,Asia,Brunei,2021-04-01,213,3,486.876,6.857,0,0,0,0,0,0,0,0,437483,32.4,71809.251,0.838,60,Pfizer BioNTech - Comirnaty
BGR,Europe,Bulgaria,2021-04-01,346327,13313,49842.375,1915.968,2116322,304.575,486002,388595,97407,6.99,5.59,1.4,6948445,44.7,18563.307,0.816,44,AstraZeneca - AZD1222
BGR,Europe,Bulgaria,2021-04-01,346327,13313,49842.375,1915.968,2116322,304.575,486002,388595,97407,6.99,5.59,1.4,6948445,44.7,18563.307,0.816,44,Janssen - Ad26.COV 2.5
BGR,Europe,Bulgaria,2021-04-01,346327,13313,49842.375,1915.968,2116322,304.575,486002,388595,97407,6.99,5.59,1.4,6948445,44.7,18563.307,0.816,44,Moderna - mRNA-1273
BGR,Europe,Bulgaria,2021-04-01,346327,13313,49842.375,1915.968,2116322,304.575,486002,388595,97407,6.99,5.59,1.4,6948445,44.7,18563.307,0.816,44,Pfizer BioNTech - Comirnaty
BFA,Africa,Burkina Faso,2021-04-01,12774,149,611.1,7.128,0,0,0,0,0,0,0,0,20903278,17.6,1703.102,0.452,40,NA
BDI,Africa,Burundi,2021-04-01,2842,6,239.009,0.505,0,0,0,0,0,0,0,0,11890781,17.5,702.225,0.433,19,NA
KHM,Asia,Cambodia,2021-04-01,2477,14,148.155,0.837,0,0,671847,430117,241730,4.02,2.57,1.45,16718971,25.6,3645.07,0.594,21,Beijing CNBG - Inactivated
KHM,Asia,Cambodia,2021-04-01,2477,14,148.155,0.837,0,0,671847,430117,241730,4.02,2.57,1.45,16718971,25.6,3645.07,0.594,21,SII - Covishield
KHM,Asia,Cambodia,2021-04-01,2477,14,148.155,0.837,0,0,671847,430117,241730,4.02,2.57,1.45,16718971,25.6,3645.07,0.594,21,Sinovac - CoronaVac
CMR,Africa,Cameroon,2021-04-01,57337,851,2159.922,32.058,0,0,0,0,0,0,0,0,26545864,18.8,3364.926,0.563,25,Beijing CNBG - Inactivated
CMR,Africa,Cameroon,2021-04-01,57337,851,2159.922,32.058,0,0,0,0,0,0,0,0,26545864,18.8,3364.926,0.563,25,SII - Covishield
CAN,North America,Canada,2021-04-01,994549,22998,26351.144,609.345,27772855,735.858,5896845,5200717,696128,15.62,13.78,1.84,37742157,41.4,44017.591,0.929,77,Moderna - mRNA-1273
CAN,North America,Canada,2021-04-01,994549,22998,26351.144,609.345,27772855,735.858,5896845,5200717,696128,15.62,13.78,1.84,37742157,41.4,44017.591,0.929,77,Pfizer BioNTech - Comirnaty
CAN,North America,Canada,2021-04-01,994549,22998,26351.144,609.345,27772855,735.858,5896845,5200717,696128,15.62,13.78,1.84,37742157,41.4,44017.591,0.929,77,SII - Covishield
CPV,Africa,Cape Verde,2021-04-01,17587,169,31631.978,303.963,0,0,0,0,0,0,0,0,555988,25.7,6222.554,0.665,58,Pfizer BioNTech - Comirnaty
CPV,Africa,Cape Verde,2021-04-01,17587,169,31631.978,303.963,0,0,0,0,0,0,0,0,555988,25.7,6222.554,0.665,58,SII - Covishield
CAF,Africa,Central African Republic,2021-04-01,5222,72,1081.212,14.908,0,0,0,0,0,0,0,0,4829764,18.3,661.24,0.397,26,NA
TCD,Africa,Chad,2021-04-01,4552,164,277.124,9.984,0,0,0,0,0,0,0,0,16425859,16.7,1768.153,0.398,21,NA
CHL,South America,Chile,2021-04-01,1003406,23328,52489.801,1220.326,11278506,589.997,10793136,6945769,3847367,56.46,36.33,20.13,19116209,35.4,22767.037,0.851,67,Pfizer BioNTech - Comirnaty
CHL,South America,Chile,2021-04-01,1003406,23328,52489.801,1220.326,11278506,589.997,10793136,6945769,3847367,56.46,36.33,20.13,19116209,35.4,22767.037,0.851,67,Sinovac - CoronaVac
CHN,Asia,China,2021-04-01,101753,4841,70.695,3.363,0,0,126616000,0,0,8.8,0,0,1439323774,38.7,15308.712,0.761,42,Anhui ZL - Recombinant
CHN,Asia,China,2021-04-01,101753,4841,70.695,3.363,0,0,126616000,0,0,8.8,0,0,1439323774,38.7,15308.712,0.761,42,Beijing CNBG - Inactivated
CHN,Asia,China,2021-04-01,101753,4841,70.695,3.363,0,0,126616000,0,0,8.8,0,0,1439323774,38.7,15308.712,0.761,42,CanSino - Ad5-nCOV
CHN,Asia,China,2021-04-01,101753,4841,70.695,3.363,0,0,126616000,0,0,8.8,0,0,1439323774,38.7,15308.712,0.761,42,Sinovac - CoronaVac
CHN,Asia,China,2021-04-01,101753,4841,70.695,3.363,0,0,126616000,0,0,8.8,0,0,1439323774,38.7,15308.712,0.761,42,Wuhan CNBG - Inactivated
COL,South America,Colombia,2021-04-01,2417826,63614,47517.472,1250.204,12752612,250.627,2300890,1965935,334955,4.52,3.86,0.66,50882884,32.2,13254.949,0.767,39,AstraZeneca - AZD1222
COL,South America,Colombia,2021-04-01,2417826,63614,47517.472,1250.204,12752612,250.627,2300890,1965935,334955,4.52,3.86,0.66,50882884,32.2,13254.949,0.767,39,Pfizer BioNTech - Comirnaty
COL,South America,Colombia,2021-04-01,2417826,63614,47517.472,1250.204,12752612,250.627,2300890,1965935,334955,4.52,3.86,0.66,50882884,32.2,13254.949,0.767,39,Sinovac - CoronaVac
COM,Africa,Comoros,2021-04-01,3704,146,4259.454,167.894,0,0,0,0,0,0,0,0,869595,20.4,1413.89,0.554,21,Beijing CNBG - Inactivated
COM,Africa,Comoros,2021-04-01,3704,146,4259.454,167.894,0,0,0,0,0,0,0,0,869595,20.4,1413.89,0.554,21,Bharat - Covaxin
COM,Africa,Comoros,2021-04-01,3704,146,4259.454,167.894,0,0,0,0,0,0,0,0,869595,20.4,1413.89,0.554,21,SII - Covishield
COG,Africa,Congo,2021-04-01,9681,135,1754.411,24.465,0,0,0,0,0,0,0,0,5518092,19,4881.406,0.574,19,Beijing CNBG - Inactivated
COG,Africa,Congo,2021-04-01,9681,135,1754.411,24.465,0,0,0,0,0,0,0,0,5518092,19,4881.406,0.574,19,Gamaleya - Sputnik V
COG,Africa,Congo,2021-04-01,9681,135,1754.411,24.465,0,0,0,0,0,0,0,0,5518092,19,4881.406,0.574,19,Moderna - mRNA-1273
COG,Africa,Congo,2021-04-01,9681,135,1754.411,24.465,0,0,0,0,0,0,0,0,5518092,19,4881.406,0.574,19,SII - Covishield
CRI,North America,Costa Rica,2021-04-01,216764,2957,42551.855,580.474,685469,134.561,0,0,0,0,0,0,5094114,33.6,15524.995,0.81,57,AstraZeneca - AZD1222
CRI,North America,Costa Rica,2021-04-01,216764,2957,42551.855,580.474,685469,134.561,0,0,0,0,0,0,5094114,33.6,15524.995,0.81,57,Pfizer BioNTech - Comirnaty
CIV,Africa,Cote d'Ivoire,2021-04-01,43889,244,1663.831,9.25,524257,19.875,42725,42725,0,0.16,0.16,0,26378275,18.7,3601.006,0.538,36,Gamaleya - Sputnik V
CIV,Africa,Cote d'Ivoire,2021-04-01,43889,244,1663.831,9.25,524257,19.875,42725,42725,0,0.16,0.16,0,26378275,18.7,3601.006,0.538,36,SII - Covishield
HRV,Europe,Croatia,2021-04-01,274054,5967,66756.665,1453.498,1559330,379.836,498417,404518,92380,12.14,9.85,2.25,4105268,44,22669.797,0.851,47,AstraZeneca - AZD1222
HRV,Europe,Croatia,2021-04-01,274054,5967,66756.665,1453.498,1559330,379.836,498417,404518,92380,12.14,9.85,2.25,4105268,44,22669.797,0.851,47,Moderna - mRNA-1273
HRV,Europe,Croatia,2021-04-01,274054,5967,66756.665,1453.498,1559330,379.836,498417,404518,92380,12.14,9.85,2.25,4105268,44,22669.797,0.851,47,Pfizer BioNTech - Comirnaty
CUB,North America,Cuba,2021-04-01,76276,425,6734.227,37.522,3025927,267.152,0,0,0,0,0,0,11326616,43.1,NA,0.783,47,NA
CYP,Europe,Cyprus,2021-04-01,46173,260,52714.982,296.838,3675158,4195.87,0,0,0,0,0,0,875899,37.3,32415.132,0.887,57,AstraZeneca - AZD1222
CYP,Europe,Cyprus,2021-04-01,46173,260,52714.982,296.838,3675158,4195.87,0,0,0,0,0,0,875899,37.3,32415.132,0.887,57,Moderna - mRNA-1273
CYP,Europe,Cyprus,2021-04-01,46173,260,52714.982,296.838,3675158,4195.87,0,0,0,0,0,0,875899,37.3,32415.132,0.887,57,Pfizer BioNTech - Comirnaty
CZE,Europe,Czechia,2021-04-01,1539617,26586,143768.754,2482.589,0,0,1775049,1227944,547105,16.58,11.47,5.11,10708982,43.3,32605.906,0.9,54,AstraZeneca - AZD1222
CZE,Europe,Czechia,2021-04-01,1539617,26586,143768.754,2482.589,0,0,1775049,1227944,547105,16.58,11.47,5.11,10708982,43.3,32605.906,0.9,54,Moderna - mRNA-1273
CZE,Europe,Czechia,2021-04-01,1539617,26586,143768.754,2482.589,0,0,1775049,1227944,547105,16.58,11.47,5.11,10708982,43.3,32605.906,0.9,54,Pfizer BioNTech - Comirnaty
COD,Africa,Democratic Republic of Congo,2021-04-01,28199,745,314.857,8.318,0,0,0,0,0,0,0,0,89561404,17,808.133,0.48,18,SII - Covishield
DNK,Europe,Denmark,2021-04-01,231957,2424,40046.421,418.494,22111305,3817.426,1144845,747759,397086,19.77,12.91,6.86,5792203,42.3,46682.515,0.94,88,AstraZeneca - AZD1222
DNK,Europe,Denmark,2021-04-01,231957,2424,40046.421,418.494,22111305,3817.426,1144845,747759,397086,19.77,12.91,6.86,5792203,42.3,46682.515,0.94,88,Moderna - mRNA-1273
DNK,Europe,Denmark,2021-04-01,231957,2424,40046.421,418.494,22111305,3817.426,1144845,747759,397086,19.77,12.91,6.86,5792203,42.3,46682.515,0.94,88,Pfizer BioNTech - Comirnaty
DJI,Africa,Djibouti,2021-04-01,8180,71,8279.335,71.862,0,0,0,0,0,0,0,0,988002,25.4,2705.406,0.524,27,Beijing CNBG - Inactivated
DJI,Africa,Djibouti,2021-04-01,8180,71,8279.335,71.862,0,0,0,0,0,0,0,0,988002,25.4,2705.406,0.524,27,Gamaleya - Sputnik V
DJI,Africa,Djibouti,2021-04-01,8180,71,8279.335,71.862,0,0,0,0,0,0,0,0,988002,25.4,2705.406,0.524,27,SII - Covishield
DMA,North America,Dominica,2021-04-01,164,0,2278.063,0,0,0,18112,17775,337,25.16,24.69,0.47,71991,34.9,9673.367,0.742,55,AstraZeneca - AZD1222
DMA,North America,Dominica,2021-04-01,164,0,2278.063,0,0,0,18112,17775,337,25.16,24.69,0.47,71991,34.9,9673.367,0.742,55,Beijing CNBG - Inactivated
DMA,North America,Dominica,2021-04-01,164,0,2278.063,0,0,0,18112,17775,337,25.16,24.69,0.47,71991,34.9,9673.367,0.742,55,SII - Covishield
DOM,North America,Dominican Republic,2021-04-01,253196,3330,23340.546,306.972,0,0,0,0,0,0,0,0,10847904,27.6,14600.861,0.756,28,AstraZeneca - AZD1222
DOM,North America,Dominican Republic,2021-04-01,253196,3330,23340.546,306.972,0,0,0,0,0,0,0,0,10847904,27.6,14600.861,0.756,28,SII - Covishield
DOM,North America,Dominican Republic,2021-04-01,253196,3330,23340.546,306.972,0,0,0,0,0,0,0,0,10847904,27.6,14600.861,0.756,28,Sinovac - CoronaVac
ECU,South America,Ecuador,2021-04-01,330388,16877,18726.23,956.58,1093712,61.991,283106,204902,78204,1.6,1.16,0.44,17643060,28.1,10581.936,0.759,39,AstraZeneca - AZD1222
ECU,South America,Ecuador,2021-04-01,330388,16877,18726.23,956.58,1093712,61.991,283106,204902,78204,1.6,1.16,0.44,17643060,28.1,10581.936,0.759,39,Pfizer BioNTech - Comirnaty
ECU,South America,Ecuador,2021-04-01,330388,16877,18726.23,956.58,1093712,61.991,283106,204902,78204,1.6,1.16,0.44,17643060,28.1,10581.936,0.759,39,Sinovac - CoronaVac
EGY,Africa,Egypt,2021-04-01,202843,12041,1982.158,117.663,0,0,0,0,0,0,0,0,102334403,25.3,10550.206,0.707,33,AstraZeneca - AZD1222
EGY,Africa,Egypt,2021-04-01,202843,12041,1982.158,117.663,0,0,0,0,0,0,0,0,102334403,25.3,10550.206,0.707,33,Beijing CNBG - Inactivated
EGY,Africa,Egypt,2021-04-01,202843,12041,1982.158,117.663,0,0,0,0,0,0,0,0,102334403,25.3,10550.206,0.707,33,Gamaleya - Sputnik V
SLV,North America,El Salvador,2021-04-01,64875,2006,10002.003,309.272,844415,130.186,120476,120476,0,1.86,1.86,0,6486201,27.6,7292.458,0.673,36,AstraZeneca - AZD1222
SLV,North America,El Salvador,2021-04-01,64875,2006,10002.003,309.272,844415,130.186,120476,120476,0,1.86,1.86,0,6486201,27.6,7292.458,0.673,36,Pfizer BioNTech - Comirnaty
SLV,North America,El Salvador,2021-04-01,64875,2006,10002.003,309.272,844415,130.186,120476,120476,0,1.86,1.86,0,6486201,27.6,7292.458,0.673,36,Sinovac - CoronaVac
GNQ,Africa,Equatorial Guinea,2021-04-01,7008,103,4995.064,73.415,0,0,14080,11090,2990,1,0.79,0.21,1402985,22.4,22604.873,0.592,16,Beijing CNBG - Inactivated
GNQ,Africa,Equatorial Guinea,2021-04-01,7008,103,4995.064,73.415,0,0,14080,11090,2990,1,0.79,0.21,1402985,22.4,22604.873,0.592,16,Sinovac - CoronaVac
ERI,Africa,Eritrea,2021-04-01,3308,10,932.77,2.82,0,0,0,0,0,0,0,0,3546427,19.3,1510.459,0.459,21,NA
EST,Europe,Estonia,2021-04-01,107253,908,80851.75,684.488,1155634,871.165,267061,203365,63696,20.13,15.33,4.8,1326539,42.7,29481.252,0.892,75,AstraZeneca - AZD1222
EST,Europe,Estonia,2021-04-01,107253,908,80851.75,684.488,1155634,871.165,267061,203365,63696,20.13,15.33,4.8,1326539,42.7,29481.252,0.892,75,Janssen - Ad26.COV 2.5
EST,Europe,Estonia,2021-04-01,107253,908,80851.75,684.488,1155634,871.165,267061,203365,63696,20.13,15.33,4.8,1326539,42.7,29481.252,0.892,75,Moderna - mRNA-1273
EST,Europe,Estonia,2021-04-01,107253,908,80851.75,684.488,1155634,871.165,267061,203365,63696,20.13,15.33,4.8,1326539,42.7,29481.252,0.892,75,Pfizer BioNTech - Comirnaty
SWZ,Africa,Eswatini,2021-04-01,17344,668,14949.611,575.781,0,0,0,0,0,0,0,0,1160164,21.5,7738.975,0.611,33,SII - Covishield
ETH,Africa,Ethiopia,2021-04-01,208961,2890,1817.628,25.138,2365187,20.573,0,0,0,0,0,0,114963583,19.8,1729.927,0.485,38,Beijing CNBG - Inactivated
ETH,Africa,Ethiopia,2021-04-01,208961,2890,1817.628,25.138,2365187,20.573,0,0,0,0,0,0,114963583,19.8,1729.927,0.485,38,Bharat - Covaxin
ETH,Africa,Ethiopia,2021-04-01,208961,2890,1817.628,25.138,2365187,20.573,0,0,0,0,0,0,114963583,19.8,1729.927,0.485,38,SII - Covishield
FJI,Oceania,Fiji,2021-04-01,67,2,74.74,2.231,39142,43.664,0,0,0,0,0,0,896444,28.6,8702.975,0.743,NA,AstraZeneca - AZD1222
FIN,Europe,Finland,2021-04-01,78106,846,14096.729,152.688,4035960,728.418,1020206,930842,89364,18.41,16.8,1.61,5540718,42.8,40585.721,0.938,85,AstraZeneca - AZD1222
FIN,Europe,Finland,2021-04-01,78106,846,14096.729,152.688,4035960,728.418,1020206,930842,89364,18.41,16.8,1.61,5540718,42.8,40585.721,0.938,85,Moderna - mRNA-1273
FIN,Europe,Finland,2021-04-01,78106,846,14096.729,152.688,4035960,728.418,1020206,930842,89364,18.41,16.8,1.61,5540718,42.8,40585.721,0.938,85,Pfizer BioNTech - Comirnaty
FRA,Europe,France,2021-04-01,4755779,96106,69786.36,1410.261,0,0,11771461,8833275,2938186,17.27,12.96,4.31,68147687,42,38605.671,0.901,69,AstraZeneca - AZD1222
FRA,Europe,France,2021-04-01,4755779,96106,69786.36,1410.261,0,0,11771461,8833275,2938186,17.27,12.96,4.31,68147687,42,38605.671,0.901,69,Moderna - mRNA-1273
FRA,Europe,France,2021-04-01,4755779,96106,69786.36,1410.261,0,0,11771461,8833275,2938186,17.27,12.96,4.31,68147687,42,38605.671,0.901,69,Pfizer BioNTech - Comirnaty
GAB,Africa,Gabon,2021-04-01,19550,118,8783.643,53.016,0,0,0,0,0,0,0,0,2225728,23.1,16562.413,0.703,30,Beijing CNBG - Inactivated
GMB,Africa,Gambia,2021-04-01,5459,165,2258.899,68.276,57622,23.844,0,0,0,0,0,0,2416664,17.5,1561.767,0.496,37,Beijing CNBG - Inactivated
GMB,Africa,Gambia,2021-04-01,5459,165,2258.899,68.276,57622,23.844,0,0,0,0,0,0,2416664,17.5,1561.767,0.496,37,SII - Covishield
GEO,Asia,Georgia,2021-04-01,282260,3785,70756.485,948.818,0,0,0,0,0,0,0,0,3989175,38.7,9745.079,0.812,56,AstraZeneca - AZD1222
GEO,Asia,Georgia,2021-04-01,282260,3785,70756.485,948.818,0,0,0,0,0,0,0,0,3989175,38.7,9745.079,0.812,56,Pfizer BioNTech - Comirnaty
DEU,Europe,Germany,2021-04-01,2866323,76823,34210.886,916.918,0,0,14456038,10143734,4312304,17.25,12.11,5.15,83783945,46.6,45229.245,0.947,80,AstraZeneca - AZD1222
DEU,Europe,Germany,2021-04-01,2866323,76823,34210.886,916.918,0,0,14456038,10143734,4312304,17.25,12.11,5.15,83783945,46.6,45229.245,0.947,80,Moderna - mRNA-1273
DEU,Europe,Germany,2021-04-01,2866323,76823,34210.886,916.918,0,0,14456038,10143734,4312304,17.25,12.11,5.15,83783945,46.6,45229.245,0.947,80,Pfizer BioNTech - Comirnaty
GHA,Africa,Ghana,2021-04-01,90583,743,2915.173,23.911,1011223,32.544,0,0,0,0,0,0,31072945,21.1,4227.63,0.611,43,Gamaleya - Sputnik V
GHA,Africa,Ghana,2021-04-01,90583,743,2915.173,23.911,1011223,32.544,0,0,0,0,0,0,31072945,21.1,4227.63,0.611,43,SII - Covishield
GRC,Europe,Greece,2021-04-01,267172,8160,25632.789,782.88,6589204,632.176,1739051,1114363,624688,16.68,10.69,5.99,10423056,45.3,24574.382,0.888,50,AstraZeneca - AZD1222
GRC,Europe,Greece,2021-04-01,267172,8160,25632.789,782.88,6589204,632.176,1739051,1114363,624688,16.68,10.69,5.99,10423056,45.3,24574.382,0.888,50,Moderna - mRNA-1273
GRC,Europe,Greece,2021-04-01,267172,8160,25632.789,782.88,6589204,632.176,1739051,1114363,624688,16.68,10.69,5.99,10423056,45.3,24574.382,0.888,50,Pfizer BioNTech - Comirnaty
GRD,North America,Grenada,2021-04-01,155,1,1377.545,8.887,0,0,0,0,0,0,0,0,112519,29.4,13593.877,0.779,53,SII - Covishield
GTM,North America,Guatemala,2021-04-01,194756,6860,10870.77,382.907,1056599,58.977,110438,109246,1192,0.62,0.61,0.01,17915567,22.9,7423.808,0.663,25,AstraZeneca - AZD1222
GTM,North America,Guatemala,2021-04-01,194756,6860,10870.77,382.907,1056599,58.977,110438,109246,1192,0.62,0.61,0.01,17915567,22.9,7423.808,0.663,25,Moderna - mRNA-1273
GTM,North America,Guatemala,2021-04-01,194756,6860,10870.77,382.907,1056599,58.977,110438,109246,1192,0.62,0.61,0.01,17915567,22.9,7423.808,0.663,25,SII - Covishield
GIN,Africa,Guinea,2021-04-01,20083,127,1529.225,9.67,0,0,0,0,0,0,0,0,13132792,19,1998.926,0.477,28,Beijing CNBG - Inactivated
GIN,Africa,Guinea,2021-04-01,20083,127,1529.225,9.67,0,0,0,0,0,0,0,0,13132792,19,1998.926,0.477,28,Gamaleya - Sputnik V
GIN,Africa,Guinea,2021-04-01,20083,127,1529.225,9.67,0,0,0,0,0,0,0,0,13132792,19,1998.926,0.477,28,Janssen - Ad26.COV 2.5
GIN,Africa,Guinea,2021-04-01,20083,127,1529.225,9.67,0,0,0,0,0,0,0,0,13132792,19,1998.926,0.477,28,Pfizer BioNTech - Comirnaty
GIN,Africa,Guinea,2021-04-01,20083,127,1529.225,9.67,0,0,0,0,0,0,0,0,13132792,19,1998.926,0.477,28,SII - Covishield
GIN,Africa,Guinea,2021-04-01,20083,127,1529.225,9.67,0,0,0,0,0,0,0,0,13132792,19,1998.926,0.477,28,Sinovac - CoronaVac
GNB,Africa,Guinea-Bissau,2021-04-01,3661,63,1860.266,32.012,0,0,0,0,0,0,0,0,1967998,19.4,1548.675,0.48,19,Beijing CNBG - Inactivated
GNB,Africa,Guinea-Bissau,2021-04-01,3661,63,1860.266,32.012,0,0,0,0,0,0,0,0,1967998,19.4,1548.675,0.48,19,SII - Covishield
GUY,South America,Guyana,2021-04-01,10375,233,13190.365,296.227,0,0,0,0,0,0,0,0,786559,26.3,7435.047,0.682,41,AstraZeneca - AZD1222
GUY,South America,Guyana,2021-04-01,10375,233,13190.365,296.227,0,0,0,0,0,0,0,0,786559,26.3,7435.047,0.682,41,Beijing CNBG - Inactivated
GUY,South America,Guyana,2021-04-01,10375,233,13190.365,296.227,0,0,0,0,0,0,0,0,786559,26.3,7435.047,0.682,41,Gamaleya - Sputnik V
GUY,South America,Guyana,2021-04-01,10375,233,13190.365,296.227,0,0,0,0,0,0,0,0,786559,26.3,7435.047,0.682,41,SII - Covishield
HTI,North America,Haiti,2021-04-01,12762,252,1119.225,22.1,0,0,0,0,0,0,0,0,11402533,24.3,1653.173,0.51,18,NA
HND,North America,Honduras,2021-04-01,189726,4622,19155.326,466.651,0,0,0,0,0,0,0,0,9904608,24.9,4541.795,0.634,24,AstraZeneca - AZD1222
HND,North America,Honduras,2021-04-01,189726,4622,19155.326,466.651,0,0,0,0,0,0,0,0,9904608,24.9,4541.795,0.634,24,Moderna - mRNA-1273
HUN,Europe,Hungary,2021-04-01,661721,20995,68498.657,2173.317,4198760,434.638,3019875,2156680,863195,31.26,22.33,8.94,9660350,43.4,26777.561,0.854,44,AstraZeneca - AZD1222
HUN,Europe,Hungary,2021-04-01,661721,20995,68498.657,2173.317,4198760,434.638,3019875,2156680,863195,31.26,22.33,8.94,9660350,43.4,26777.561,0.854,44,Beijing CNBG - Inactivated
HUN,Europe,Hungary,2021-04-01,661721,20995,68498.657,2173.317,4198760,434.638,3019875,2156680,863195,31.26,22.33,8.94,9660350,43.4,26777.561,0.854,44,Gamaleya - Sputnik V
HUN,Europe,Hungary,2021-04-01,661721,20995,68498.657,2173.317,4198760,434.638,3019875,2156680,863195,31.26,22.33,8.94,9660350,43.4,26777.561,0.854,44,Janssen - Ad26.COV 2.5
HUN,Europe,Hungary,2021-04-01,661721,20995,68498.657,2173.317,4198760,434.638,3019875,2156680,863195,31.26,22.33,8.94,9660350,43.4,26777.561,0.854,44,Moderna - mRNA-1273
HUN,Europe,Hungary,2021-04-01,661721,20995,68498.657,2173.317,4198760,434.638,3019875,2156680,863195,31.26,22.33,8.94,9660350,43.4,26777.561,0.854,44,Pfizer BioNTech - Comirnaty
HUN,Europe,Hungary,2021-04-01,661721,20995,68498.657,2173.317,4198760,434.638,3019875,2156680,863195,31.26,22.33,8.94,9660350,43.4,26777.561,0.854,44,Sinovac - CoronaVac
ISL,Europe,Iceland,2021-04-01,6205,29,18183.15,84.982,310608,910.207,0,0,0,0,0,0,341250,37.3,46482.958,0.949,75,AstraZeneca - AZD1222
ISL,Europe,Iceland,2021-04-01,6205,29,18183.15,84.982,310608,910.207,0,0,0,0,0,0,341250,37.3,46482.958,0.949,75,Janssen - Ad26.COV 2.5
ISL,Europe,Iceland,2021-04-01,6205,29,18183.15,84.982,310608,910.207,0,0,0,0,0,0,341250,37.3,46482.958,0.949,75,Moderna - mRNA-1273
ISL,Europe,Iceland,2021-04-01,6205,29,18183.15,84.982,310608,910.207,0,0,0,0,0,0,341250,37.3,46482.958,0.949,75,Pfizer BioNTech - Comirnaty
IND,Asia,India,2021-04-01,12303131,163396,8915.284,118.403,244798621,177.39,68789138,59148798,9640340,4.98,4.29,0.7,1380004385,28.2,6426.674,0.645,40,Bharat - Covaxin
IND,Asia,India,2021-04-01,12303131,163396,8915.284,118.403,244798621,177.39,68789138,59148798,9640340,4.98,4.29,0.7,1380004385,28.2,6426.674,0.645,40,Gamaleya - Sputnik V
IND,Asia,India,2021-04-01,12303131,163396,8915.284,118.403,244798621,177.39,68789138,59148798,9640340,4.98,4.29,0.7,1380004385,28.2,6426.674,0.645,40,SII - Covishield
IDN,Asia,Indonesia,2021-04-01,1517854,41054,5549.261,150.093,8545630,31.243,12226028,8371577,3854451,4.47,3.06,1.41,273523621,29.3,11188.744,0.718,37,SII - Covishield
IDN,Asia,Indonesia,2021-04-01,1517854,41054,5549.261,150.093,8545630,31.243,12226028,8371577,3854451,4.47,3.06,1.41,273523621,29.3,11188.744,0.718,37,Sinovac - CoronaVac
IRN,Asia,Iran,2021-04-01,1897314,62759,22588.966,747.194,12893317,153.505,0,0,0,0,0,0,83992953,32.4,19082.62,0.783,25,AstraZeneca - AZD1222
IRN,Asia,Iran,2021-04-01,1897314,62759,22588.966,747.194,12893317,153.505,0,0,0,0,0,0,83992953,32.4,19082.62,0.783,25,Beijing CNBG - Inactivated
IRN,Asia,Iran,2021-04-01,1897314,62759,22588.966,747.194,12893317,153.505,0,0,0,0,0,0,83992953,32.4,19082.62,0.783,25,Bharat - Covaxin
IRN,Asia,Iran,2021-04-01,1897314,62759,22588.966,747.194,12893317,153.505,0,0,0,0,0,0,83992953,32.4,19082.62,0.783,25,Gamaleya - Sputnik V
IRQ,Asia,Iraq,2021-04-01,856939,14360,21304.965,357.014,0,0,0,0,0,0,0,0,40222503,20,15663.986,0.674,21,AstraZeneca - AZD1222
IRQ,Asia,Iraq,2021-04-01,856939,14360,21304.965,357.014,0,0,0,0,0,0,0,0,40222503,20,15663.986,0.674,21,Beijing CNBG - Inactivated
IRQ,Asia,Iraq,2021-04-01,856939,14360,21304.965,357.014,0,0,0,0,0,0,0,0,40222503,20,15663.986,0.674,21,Gamaleya - Sputnik V
IRQ,Asia,Iraq,2021-04-01,856939,14360,21304.965,357.014,0,0,0,0,0,0,0,0,40222503,20,15663.986,0.674,21,Pfizer BioNTech - Comirnaty
IRL,Europe,Ireland,2021-04-01,236600,4705,47916.115,952.854,4025669,815.276,893375,636963,256412,18.09,12.9,5.19,4937796,38.7,67335.293,0.955,72,AstraZeneca - AZD1222
IRL,Europe,Ireland,2021-04-01,236600,4705,47916.115,952.854,4025669,815.276,893375,636963,256412,18.09,12.9,5.19,4937796,38.7,67335.293,0.955,72,Janssen - Ad26.COV 2.5
IRL,Europe,Ireland,2021-04-01,236600,4705,47916.115,952.854,4025669,815.276,893375,636963,256412,18.09,12.9,5.19,4937796,38.7,67335.293,0.955,72,Moderna - mRNA-1273
IRL,Europe,Ireland,2021-04-01,236600,4705,47916.115,952.854,4025669,815.276,893375,636963,256412,18.09,12.9,5.19,4937796,38.7,67335.293,0.955,72,Pfizer BioNTech - Comirnaty
ISR,Asia,Israel,2021-04-01,833456,6220,96291.613,718.615,15020545,1735.368,10067162,5254842,4812320,116.31,60.71,55.6,8655541,30.6,33132.32,0.919,60,Moderna - mRNA-1273
ISR,Asia,Israel,2021-04-01,833456,6220,96291.613,718.615,15020545,1735.368,10067162,5254842,4812320,116.31,60.71,55.6,8655541,30.6,33132.32,0.919,60,Pfizer BioNTech - Comirnaty
ITA,Europe,Italy,2021-04-01,3607083,109847,59658.848,1816.799,50258742,831.247,10605834,7289670,3316164,17.54,12.06,5.48,60461828,47.9,35220.084,0.892,53,AstraZeneca - AZD1222
ITA,Europe,Italy,2021-04-01,3607083,109847,59658.848,1816.799,50258742,831.247,10605834,7289670,3316164,17.54,12.06,5.48,60461828,47.9,35220.084,0.892,53,Moderna - mRNA-1273
ITA,Europe,Italy,2021-04-01,3607083,109847,59658.848,1816.799,50258742,831.247,10605834,7289670,3316164,17.54,12.06,5.48,60461828,47.9,35220.084,0.892,53,Pfizer BioNTech - Comirnaty
JAM,North America,Jamaica,2021-04-01,39543,599,13353.884,202.286,286470,96.742,41901,41901,0,1.42,1.42,0,2961161,31.4,8193.571,0.734,44,AstraZeneca - AZD1222
JAM,North America,Jamaica,2021-04-01,39543,599,13353.884,202.286,286470,96.742,41901,41901,0,1.42,1.42,0,2961161,31.4,8193.571,0.734,44,SII - Covishield
JPN,Asia,Japan,2021-04-01,477239,9173,3773.343,72.527,9351096,73.935,1050112,893315,156797,0.83,0.71,0.12,126476458,48.2,39002.223,0.919,74,AstraZeneca - AZD1222
JPN,Asia,Japan,2021-04-01,477239,9173,3773.343,72.527,9351096,73.935,1050112,893315,156797,0.83,0.71,0.12,126476458,48.2,39002.223,0.919,74,Moderna - mRNA-1273
JPN,Asia,Japan,2021-04-01,477239,9173,3773.343,72.527,9351096,73.935,1050112,893315,156797,0.83,0.71,0.12,126476458,48.2,39002.223,0.919,74,Novavax - Covavax
JPN,Asia,Japan,2021-04-01,477239,9173,3773.343,72.527,9351096,73.935,1050112,893315,156797,0.83,0.71,0.12,126476458,48.2,39002.223,0.919,74,Pfizer BioNTech - Comirnaty
JOR,Asia,Jordan,2021-04-01,618059,6940,60575.372,680.183,5966411,584.762,0,0,0,0,0,0,10203140,23.2,8337.49,0.729,49,AstraZeneca - AZD1222
JOR,Asia,Jordan,2021-04-01,618059,6940,60575.372,680.183,5966411,584.762,0,0,0,0,0,0,10203140,23.2,8337.49,0.729,49,Beijing CNBG - Inactivated
JOR,Asia,Jordan,2021-04-01,618059,6940,60575.372,680.183,5966411,584.762,0,0,0,0,0,0,10203140,23.2,8337.49,0.729,49,Gamaleya - Sputnik V
JOR,Asia,Jordan,2021-04-01,618059,6940,60575.372,680.183,5966411,584.762,0,0,0,0,0,0,10203140,23.2,8337.49,0.729,49,Janssen - Ad26.COV 2.5
JOR,Asia,Jordan,2021-04-01,618059,6940,60575.372,680.183,5966411,584.762,0,0,0,0,0,0,10203140,23.2,8337.49,0.729,49,Pfizer BioNTech - Comirnaty
KAZ,Asia,Kazakhstan,2021-04-01,299626,3234,15957.324,172.235,8727752,464.818,0,0,0,0,0,0,18776707,30.6,24055.588,0.825,38,Gamaleya - Sputnik V
KEN,Africa,Kenya,2021-04-01,135042,2167,2511.414,40.3,0,0,0,0,0,0,0,0,53771300,20,2993.028,0.601,31,SII - Covishield
KOS,Europe,Kosovo,2021-04-01,91079,1892,47123.461,978.904,0,0,0,0,0,0,0,0,1932774,30.5,9795.834,0.787,36,NA
KWT,Asia,Kuwait,2021-04-01,233521,1319,54681.549,308.859,2066048,483.788,0,0,0,0,0,0,4270563,33.7,65530.537,0.806,42,AstraZeneca - AZD1222
KWT,Asia,Kuwait,2021-04-01,233521,1319,54681.549,308.859,2066048,483.788,0,0,0,0,0,0,4270563,33.7,65530.537,0.806,42,Beijing CNBG - Inactivated
KWT,Asia,Kuwait,2021-04-01,233521,1319,54681.549,308.859,2066048,483.788,0,0,0,0,0,0,4270563,33.7,65530.537,0.806,42,Pfizer BioNTech - Comirnaty
KGZ,Asia,Kyrgyzstan,2021-04-01,88538,1500,13570.725,229.914,0,0,0,0,0,0,0,0,6524191,26.3,3393.474,0.697,31,Beijing CNBG - Inactivated
LAO,Asia,Laos,2021-04-01,49,0,6.735,0,0,0,0,0,0,0,0,0,7275556,24.4,6397.36,0.613,29,Beijing CNBG - Inactivated
LAO,Asia,Laos,2021-04-01,49,0,6.735,0,0,0,0,0,0,0,0,0,7275556,24.4,6397.36,0.613,29,Gamaleya - Sputnik V
LAO,Asia,Laos,2021-04-01,49,0,6.735,0,0,0,0,0,0,0,0,0,7275556,24.4,6397.36,0.613,29,Pfizer BioNTech - Comirnaty
LAO,Asia,Laos,2021-04-01,49,0,6.735,0,0,0,0,0,0,0,0,0,7275556,24.4,6397.36,0.613,29,SII - Covishield
LVA,Europe,Latvia,2021-04-01,103001,1913,54607.619,1014.207,1857766,984.924,143940,118970,24970,7.63,6.31,1.32,1886202,43.9,25063.846,0.866,57,AstraZeneca - AZD1222
LVA,Europe,Latvia,2021-04-01,103001,1913,54607.619,1014.207,1857766,984.924,143940,118970,24970,7.63,6.31,1.32,1886202,43.9,25063.846,0.866,57,Moderna - mRNA-1273
LVA,Europe,Latvia,2021-04-01,103001,1913,54607.619,1014.207,1857766,984.924,143940,118970,24970,7.63,6.31,1.32,1886202,43.9,25063.846,0.866,57,Pfizer BioNTech - Comirnaty
LBN,Asia,Lebanon,2021-04-01,471962,6286,69147.463,920.966,0,0,222332,136761,85571,3.26,2,1.25,6825442,31.1,13367.565,0.744,25,AstraZeneca - AZD1222
LBN,Asia,Lebanon,2021-04-01,471962,6286,69147.463,920.966,0,0,222332,136761,85571,3.26,2,1.25,6825442,31.1,13367.565,0.744,25,Beijing CNBG - Inactivated
LBN,Asia,Lebanon,2021-04-01,471962,6286,69147.463,920.966,0,0,222332,136761,85571,3.26,2,1.25,6825442,31.1,13367.565,0.744,25,Gamaleya - Sputnik V
LBN,Asia,Lebanon,2021-04-01,471962,6286,69147.463,920.966,0,0,222332,136761,85571,3.26,2,1.25,6825442,31.1,13367.565,0.744,25,Pfizer BioNTech - Comirnaty
LSO,Africa,Lesotho,2021-04-01,10706,315,4997.545,147.042,0,0,0,0,0,0,0,0,2142252,22.2,2851.153,0.527,41,SII - Covishield
LBR,Africa,Liberia,2021-04-01,2042,85,403.743,16.806,0,0,0,0,0,0,0,0,5057677,19.2,752.788,0.48,28,SII - Covishield
LBY,Africa,Libya,2021-04-01,159980,2680,23282.392,390.029,0,0,0,0,0,0,0,0,6871287,29,17881.509,0.724,17,AstraZeneca - AZD1222
LBY,Africa,Libya,2021-04-01,159980,2680,23282.392,390.029,0,0,0,0,0,0,0,0,6871287,29,17881.509,0.724,17,Janssen - Ad26.COV 2.5
LBY,Africa,Libya,2021-04-01,159980,2680,23282.392,390.029,0,0,0,0,0,0,0,0,6871287,29,17881.509,0.724,17,Moderna - mRNA-1273
LBY,Africa,Libya,2021-04-01,159980,2680,23282.392,390.029,0,0,0,0,0,0,0,0,6871287,29,17881.509,0.724,17,Pfizer BioNTech - Comirnaty
LIE,Europe,Liechtenstein,2021-04-01,2675,56,70141.857,1468.39,34038,892.519,6298,4217,2081,16.51,11.06,5.46,38137,43.7,NA,0.919,NA,Moderna - mRNA-1273
LIE,Europe,Liechtenstein,2021-04-01,2675,56,70141.857,1468.39,34038,892.519,6298,4217,2081,16.51,11.06,5.46,38137,43.7,NA,0.919,NA,Pfizer BioNTech - Comirnaty
LTU,Europe,Lithuania,2021-04-01,217005,3583,79714.108,1316.171,2405667,883.692,536647,367116,169531,19.71,13.49,6.23,2722291,43.5,29524.265,0.882,60,AstraZeneca - AZD1222
LTU,Europe,Lithuania,2021-04-01,217005,3583,79714.108,1316.171,2405667,883.692,536647,367116,169531,19.71,13.49,6.23,2722291,43.5,29524.265,0.882,60,Moderna - mRNA-1273
LTU,Europe,Lithuania,2021-04-01,217005,3583,79714.108,1316.171,2405667,883.692,536647,367116,169531,19.71,13.49,6.23,2722291,43.5,29524.265,0.882,60,Pfizer BioNTech - Comirnaty
LUX,Europe,Luxembourg,2021-04-01,61881,749,98855.228,1196.531,2426180,3875.835,99356,75862,23494,15.87,12.12,3.75,625976,39.7,94277.965,0.916,80,AstraZeneca - AZD1222
LUX,Europe,Luxembourg,2021-04-01,61881,749,98855.228,1196.531,2426180,3875.835,99356,75862,23494,15.87,12.12,3.75,625976,39.7,94277.965,0.916,80,Janssen - Ad26.COV 2.5
LUX,Europe,Luxembourg,2021-04-01,61881,749,98855.228,1196.531,2426180,3875.835,99356,75862,23494,15.87,12.12,3.75,625976,39.7,94277.965,0.916,80,Moderna - mRNA-1273
LUX,Europe,Luxembourg,2021-04-01,61881,749,98855.228,1196.531,2426180,3875.835,99356,75862,23494,15.87,12.12,3.75,625976,39.7,94277.965,0.916,80,Pfizer BioNTech - Comirnaty
MDG,Africa,Madagascar,2021-04-01,24696,433,891.842,15.637,144795,5.229,0,0,0,0,0,0,27691019,19.6,1416.44,0.528,25,NA
MWI,Africa,Malawi,2021-04-01,33584,1118,1755.571,58.442,0,0,144979,144979,0,0.76,0.76,0,19129955,18.1,1095.042,0.483,30,SII - Covishield
MYS,Asia,Malaysia,2021-04-01,346678,1278,10711.179,39.486,7711350,238.255,740226,498468,241758,2.29,1.54,0.75,32365998,29.9,26808.164,0.81,51,AstraZeneca - AZD1222
MYS,Asia,Malaysia,2021-04-01,346678,1278,10711.179,39.486,7711350,238.255,740226,498468,241758,2.29,1.54,0.75,32365998,29.9,26808.164,0.81,51,CanSino - Ad5-nCOV
MYS,Asia,Malaysia,2021-04-01,346678,1278,10711.179,39.486,7711350,238.255,740226,498468,241758,2.29,1.54,0.75,32365998,29.9,26808.164,0.81,51,Gamaleya - Sputnik V
MYS,Asia,Malaysia,2021-04-01,346678,1278,10711.179,39.486,7711350,238.255,740226,498468,241758,2.29,1.54,0.75,32365998,29.9,26808.164,0.81,51,Pfizer BioNTech - Comirnaty
MYS,Asia,Malaysia,2021-04-01,346678,1278,10711.179,39.486,7711350,238.255,740226,498468,241758,2.29,1.54,0.75,32365998,29.9,26808.164,0.81,51,Sinovac - CoronaVac
MDV,Asia,Maldives,2021-04-01,24379,67,45101.028,123.95,647062,1197.061,240773,240773,0,44.54,44.54,0,540542,30.6,15183.616,0.74,43,Beijing CNBG - Inactivated
MDV,Asia,Maldives,2021-04-01,24379,67,45101.028,123.95,647062,1197.061,240773,240773,0,44.54,44.54,0,540542,30.6,15183.616,0.74,43,Pfizer BioNTech - Comirnaty
MDV,Asia,Maldives,2021-04-01,24379,67,45101.028,123.95,647062,1197.061,240773,240773,0,44.54,44.54,0,540542,30.6,15183.616,0.74,43,SII - Covishield
MLI,Africa,Mali,2021-04-01,10199,386,503.634,19.061,0,0,0,0,0,0,0,0,20250834,16.4,2014.306,0.434,30,SII - Covishield
MLT,Europe,Malta,2021-04-01,29085,394,65871.871,892.333,811102,1836.988,203553,147956,55597,46.1,33.51,12.59,441539,42.4,36513.323,0.895,53,AstraZeneca - AZD1222
MLT,Europe,Malta,2021-04-01,29085,394,65871.871,892.333,811102,1836.988,203553,147956,55597,46.1,33.51,12.59,441539,42.4,36513.323,0.895,53,Moderna - mRNA-1273
MLT,Europe,Malta,2021-04-01,29085,394,65871.871,892.333,811102,1836.988,203553,147956,55597,46.1,33.51,12.59,441539,42.4,36513.323,0.895,53,Pfizer BioNTech - Comirnaty
MHL,Oceania,Marshall Islands,2021-04-01,4,0,67.574,0,0,0,0,0,0,0,0,0,59194,23.8,3819.202,0.704,NA,Pfizer BioNTech - Comirnaty
MRT,Africa,Mauritania,2021-04-01,17878,449,3845.012,96.566,0,0,1366,1366,0,0.03,0.03,0,4649660,20.3,3597.633,0.546,29,Beijing CNBG - Inactivated
MRT,Africa,Mauritania,2021-04-01,17878,449,3845.012,96.566,0,0,1366,1366,0,0.03,0.03,0,4649660,20.3,3597.633,0.546,29,SII - Covishield
MUS,Africa,Mauritius,2021-04-01,1039,12,816.974,9.436,0,0,0,0,0,0,0,0,1271767,37.4,20292.745,0.804,53,Beijing CNBG - Inactivated
MUS,Africa,Mauritius,2021-04-01,1039,12,816.974,9.436,0,0,0,0,0,0,0,0,1271767,37.4,20292.745,0.804,53,Bharat - Covaxin
MUS,Africa,Mauritius,2021-04-01,1039,12,816.974,9.436,0,0,0,0,0,0,0,0,1271767,37.4,20292.745,0.804,53,SII - Covishield
MEX,North America,Mexico,2021-04-01,2244268,203664,17406.5,1579.614,5751184,44.606,0,0,0,0,0,0,128932753,29.3,17336.469,0.779,31,AstraZeneca - AZD1222
MEX,North America,Mexico,2021-04-01,2244268,203664,17406.5,1579.614,5751184,44.606,0,0,0,0,0,0,128932753,29.3,17336.469,0.779,31,CanSino - Ad5-nCOV
MEX,North America,Mexico,2021-04-01,2244268,203664,17406.5,1579.614,5751184,44.606,0,0,0,0,0,0,128932753,29.3,17336.469,0.779,31,Gamaleya - Sputnik V
MEX,North America,Mexico,2021-04-01,2244268,203664,17406.5,1579.614,5751184,44.606,0,0,0,0,0,0,128932753,29.3,17336.469,0.779,31,Pfizer BioNTech - Comirnaty
MEX,North America,Mexico,2021-04-01,2244268,203664,17406.5,1579.614,5751184,44.606,0,0,0,0,0,0,128932753,29.3,17336.469,0.779,31,Sinovac - CoronaVac
FSM,Oceania,Micronesia (country),2021-04-01,1,0,8.694,0,0,0,0,0,0,0,0,0,115021,23,3299.464,0.62,NA,AstraZeneca - AZD1222
FSM,Oceania,Micronesia (country),2021-04-01,1,0,8.694,0,0,0,0,0,0,0,0,0,115021,23,3299.464,0.62,NA,Pfizer BioNTech - Comirnaty
MDA,Europe,Moldova,2021-04-01,231756,5003,57451.196,1240.22,0,0,42154,42154,0,1.04,1.04,0,4033963,37.6,5189.972,0.75,34,AstraZeneca - AZD1222
MDA,Europe,Moldova,2021-04-01,231756,5003,57451.196,1240.22,0,0,42154,42154,0,1.04,1.04,0,4033963,37.6,5189.972,0.75,34,Beijing CNBG - Inactivated
MDA,Europe,Moldova,2021-04-01,231756,5003,57451.196,1240.22,0,0,42154,42154,0,1.04,1.04,0,4033963,37.6,5189.972,0.75,34,Pfizer BioNTech - Comirnaty
MCO,Europe,Monaco,2021-04-01,2305,28,58735.093,713.485,0,0,0,0,0,0,0,0,39244,55.4,NA,0.956,NA,Pfizer BioNTech - Comirnaty
MNG,Asia,Mongolia,2021-04-01,8841,8,2696.831,2.44,2263366,690.41,311262,0,0,9.49,0,0,3278292,28.6,11840.846,0.737,35,AstraZeneca - AZD1222
MNG,Asia,Mongolia,2021-04-01,8841,8,2696.831,2.44,2263366,690.41,311262,0,0,9.49,0,0,3278292,28.6,11840.846,0.737,35,Beijing CNBG - Inactivated
MNG,Asia,Mongolia,2021-04-01,8841,8,2696.831,2.44,2263366,690.41,311262,0,0,9.49,0,0,3278292,28.6,11840.846,0.737,35,Gamaleya - Sputnik V
MNG,Asia,Mongolia,2021-04-01,8841,8,2696.831,2.44,2263366,690.41,311262,0,0,9.49,0,0,3278292,28.6,11840.846,0.737,35,Moderna - mRNA-1273
MNG,Asia,Mongolia,2021-04-01,8841,8,2696.831,2.44,2263366,690.41,311262,0,0,9.49,0,0,3278292,28.6,11840.846,0.737,35,Pfizer BioNTech - Comirnaty
MNG,Asia,Mongolia,2021-04-01,8841,8,2696.831,2.44,2263366,690.41,311262,0,0,9.49,0,0,3278292,28.6,11840.846,0.737,35,SII - Covishield
MNE,Europe,Montenegro,2021-04-01,91573,1286,145802.484,2047.569,0,0,23046,19636,3410,3.67,3.13,0.54,628062,39.1,16409.288,0.829,45,AstraZeneca - AZD1222
MNE,Europe,Montenegro,2021-04-01,91573,1286,145802.484,2047.569,0,0,23046,19636,3410,3.67,3.13,0.54,628062,39.1,16409.288,0.829,45,Beijing CNBG - Inactivated
MNE,Europe,Montenegro,2021-04-01,91573,1286,145802.484,2047.569,0,0,23046,19636,3410,3.67,3.13,0.54,628062,39.1,16409.288,0.829,45,Gamaleya - Sputnik V
MAR,Africa,Morocco,2021-04-01,496676,8825,13456.204,239.091,0,0,8096454,4329244,3767210,21.94,11.73,10.21,36910558,29.6,7485.013,0.686,40,AstraZeneca - AZD1222
MAR,Africa,Morocco,2021-04-01,496676,8825,13456.204,239.091,0,0,8096454,4329244,3767210,21.94,11.73,10.21,36910558,29.6,7485.013,0.686,40,Beijing CNBG - Inactivated
MAR,Africa,Morocco,2021-04-01,496676,8825,13456.204,239.091,0,0,8096454,4329244,3767210,21.94,11.73,10.21,36910558,29.6,7485.013,0.686,40,Gamaleya - Sputnik V
MAR,Africa,Morocco,2021-04-01,496676,8825,13456.204,239.091,0,0,8096454,4329244,3767210,21.94,11.73,10.21,36910558,29.6,7485.013,0.686,40,Janssen - Ad26.COV 2.5
MOZ,Africa,Mozambique,2021-04-01,67729,775,2166.951,24.796,482221,15.428,0,0,0,0,0,0,31255435,17.7,1136.103,0.456,25,Beijing CNBG - Inactivated
MOZ,Africa,Mozambique,2021-04-01,67729,775,2166.951,24.796,482221,15.428,0,0,0,0,0,0,31255435,17.7,1136.103,0.456,25,SII - Covishield
MMR,Asia,Myanmar,2021-04-01,142466,3206,2618.389,58.923,0,0,0,0,0,0,0,0,54409794,29.1,5591.597,0.583,28,SII - Covishield
NAM,Africa,Namibia,2021-04-01,44374,528,17463.781,207.799,349054,137.373,1851,1851,0,0.07,0.07,0,2540916,22,9541.808,0.646,51,Beijing CNBG - Inactivated
NAM,Africa,Namibia,2021-04-01,44374,528,17463.781,207.799,349054,137.373,1851,1851,0,0.07,0.07,0,2540916,22,9541.808,0.646,51,SII - Covishield
NPL,Asia,Nepal,2021-04-01,277461,3031,9522.697,104.026,2275540,78.098,0,0,0,0,0,0,29136808,25,2442.804,0.602,33,Beijing CNBG - Inactivated
NPL,Asia,Nepal,2021-04-01,277461,3031,9522.697,104.026,2275540,78.098,0,0,0,0,0,0,29136808,25,2442.804,0.602,33,Bharat - Covaxin
NPL,Asia,Nepal,2021-04-01,277461,3031,9522.697,104.026,2275540,78.098,0,0,0,0,0,0,29136808,25,2442.804,0.602,33,Gamaleya - Sputnik V
NPL,Asia,Nepal,2021-04-01,277461,3031,9522.697,104.026,2275540,78.098,0,0,0,0,0,0,29136808,25,2442.804,0.602,33,SII - Covishield
NLD,Europe,Netherlands,2021-04-01,1301127,16713,75934.441,975.379,0,0,0,0,0,0,0,0,17134873,43.2,48472.545,0.944,82,AstraZeneca - AZD1222
NLD,Europe,Netherlands,2021-04-01,1301127,16713,75934.441,975.379,0,0,0,0,0,0,0,0,17134873,43.2,48472.545,0.944,82,Janssen - Ad26.COV 2.5
NLD,Europe,Netherlands,2021-04-01,1301127,16713,75934.441,975.379,0,0,0,0,0,0,0,0,17134873,43.2,48472.545,0.944,82,Moderna - mRNA-1273
NLD,Europe,Netherlands,2021-04-01,1301127,16713,75934.441,975.379,0,0,0,0,0,0,0,0,17134873,43.2,48472.545,0.944,82,Pfizer BioNTech - Comirnaty
NZL,Oceania,New Zealand,2021-04-01,2501,26,518.639,5.392,1902915,394.613,80042,63311,16731,1.66,1.31,0.35,4822233,37.9,36085.843,0.931,88,AstraZeneca - AZD1222
NZL,Oceania,New Zealand,2021-04-01,2501,26,518.639,5.392,1902915,394.613,80042,63311,16731,1.66,1.31,0.35,4822233,37.9,36085.843,0.931,88,Janssen - Ad26.COV 2.5
NZL,Oceania,New Zealand,2021-04-01,2501,26,518.639,5.392,1902915,394.613,80042,63311,16731,1.66,1.31,0.35,4822233,37.9,36085.843,0.931,88,Novavax - Covavax
NZL,Oceania,New Zealand,2021-04-01,2501,26,518.639,5.392,1902915,394.613,80042,63311,16731,1.66,1.31,0.35,4822233,37.9,36085.843,0.931,88,Pfizer BioNTech - Comirnaty
NIC,North America,Nicaragua,2021-04-01,6677,178,1007.917,26.87,0,0,0,0,0,0,0,0,6624554,27.3,5321.444,0.66,22,Gamaleya - Sputnik V
NIC,North America,Nicaragua,2021-04-01,6677,178,1007.917,26.87,0,0,0,0,0,0,0,0,6624554,27.3,5321.444,0.66,22,SII - Covishield
NER,Africa,Niger,2021-04-01,5021,187,207.422,7.725,0,0,0,0,0,0,0,0,24206636,15.1,926,0.394,32,Beijing CNBG - Inactivated
NER,Africa,Niger,2021-04-01,5021,187,207.422,7.725,0,0,0,0,0,0,0,0,24206636,15.1,926,0.394,32,SII - Covishield
NGA,Africa,Nigeria,2021-04-01,162997,2058,790.712,9.984,0,0,818865,818865,0,0.4,0.4,0,206139587,18.1,5338.454,0.539,25,SII - Covishield
MKD,Europe,North Macedonia,2021-04-01,131424,3810,63082.107,1828.759,632796,303.735,0,0,0,0,0,0,2083380,39.1,13111.214,0.774,35,AstraZeneca - AZD1222
MKD,Europe,North Macedonia,2021-04-01,131424,3810,63082.107,1828.759,632796,303.735,0,0,0,0,0,0,2083380,39.1,13111.214,0.774,35,Gamaleya - Sputnik V
MKD,Europe,North Macedonia,2021-04-01,131424,3810,63082.107,1828.759,632796,303.735,0,0,0,0,0,0,2083380,39.1,13111.214,0.774,35,Pfizer BioNTech - Comirnaty
NOR,Europe,Norway,2021-04-01,96770,673,17850.153,124.141,4608115,850.011,987554,702672,284882,18.22,12.96,5.25,5421242,39.7,64800.057,0.957,84,AstraZeneca - AZD1222
NOR,Europe,Norway,2021-04-01,96770,673,17850.153,124.141,4608115,850.011,987554,702672,284882,18.22,12.96,5.25,5421242,39.7,64800.057,0.957,84,Janssen - Ad26.COV 2.5
NOR,Europe,Norway,2021-04-01,96770,673,17850.153,124.141,4608115,850.011,987554,702672,284882,18.22,12.96,5.25,5421242,39.7,64800.057,0.957,84,Moderna - mRNA-1273
NOR,Europe,Norway,2021-04-01,96770,673,17850.153,124.141,4608115,850.011,987554,702672,284882,18.22,12.96,5.25,5421242,39.7,64800.057,0.957,84,Pfizer BioNTech - Comirnaty
OMN,Asia,Oman,2021-04-01,160018,1681,31335.392,329.18,0,0,0,0,0,0,0,0,5106622,30.7,37960.709,0.813,54,AstraZeneca - AZD1222
OMN,Asia,Oman,2021-04-01,160018,1681,31335.392,329.18,0,0,0,0,0,0,0,0,5106622,30.7,37960.709,0.813,54,Pfizer BioNTech - Comirnaty
OMN,Asia,Oman,2021-04-01,160018,1681,31335.392,329.18,0,0,0,0,0,0,0,0,5106622,30.7,37960.709,0.813,54,SII - Covishield
PAK,Asia,Pakistan,2021-04-01,678165,14613,3070.116,66.154,10247374,46.391,0,0,0,0,0,0,220892331,23.5,5034.708,0.557,31,Beijing CNBG - Inactivated
PAK,Asia,Pakistan,2021-04-01,678165,14613,3070.116,66.154,10247374,46.391,0,0,0,0,0,0,220892331,23.5,5034.708,0.557,31,CanSino - Ad5-nCOV
PAK,Asia,Pakistan,2021-04-01,678165,14613,3070.116,66.154,10247374,46.391,0,0,0,0,0,0,220892331,23.5,5034.708,0.557,31,Gamaleya - Sputnik V
PAK,Asia,Pakistan,2021-04-01,678165,14613,3070.116,66.154,10247374,46.391,0,0,0,0,0,0,220892331,23.5,5034.708,0.557,31,SII - Covishield
PAK,Asia,Pakistan,2021-04-01,678165,14613,3070.116,66.154,10247374,46.391,0,0,0,0,0,0,220892331,23.5,5034.708,0.557,31,Sinovac - CoronaVac
PSE,Asia,Palestine,2021-04-01,244645,2645,47956.293,518.483,0,0,93217,83822,9395,1.83,1.64,0.18,5101416,20.4,4449.898,0.708,NA,AstraZeneca - AZD1222
PSE,Asia,Palestine,2021-04-01,244645,2645,47956.293,518.483,0,0,93217,83822,9395,1.83,1.64,0.18,5101416,20.4,4449.898,0.708,NA,Beijing CNBG - Inactivated
PSE,Asia,Palestine,2021-04-01,244645,2645,47956.293,518.483,0,0,93217,83822,9395,1.83,1.64,0.18,5101416,20.4,4449.898,0.708,NA,Gamaleya - Sputnik V
PSE,Asia,Palestine,2021-04-01,244645,2645,47956.293,518.483,0,0,93217,83822,9395,1.83,1.64,0.18,5101416,20.4,4449.898,0.708,NA,Moderna - mRNA-1273
PSE,Asia,Palestine,2021-04-01,244645,2645,47956.293,518.483,0,0,93217,83822,9395,1.83,1.64,0.18,5101416,20.4,4449.898,0.708,NA,Pfizer BioNTech - Comirnaty
PAN,North America,Panama,2021-04-01,355499,6119,82391.22,1418.153,2161138,500.87,373491,0,0,8.66,0,0,4314768,29.7,22267.037,0.815,35,Pfizer BioNTech - Comirnaty
PNG,Oceania,Papua New Guinea,2021-04-01,6112,60,683.132,6.706,0,0,0,0,0,0,0,0,8947027,22.6,3823.194,0.555,27,AstraZeneca - AZD1222
PNG,Oceania,Papua New Guinea,2021-04-01,6112,60,683.132,6.706,0,0,0,0,0,0,0,0,8947027,22.6,3823.194,0.555,27,Beijing CNBG - Inactivated
PNG,Oceania,Papua New Guinea,2021-04-01,6112,60,683.132,6.706,0,0,0,0,0,0,0,0,8947027,22.6,3823.194,0.555,27,SII - Covishield
PRY,South America,Paraguay,2021-04-01,216278,4250,30322.761,595.861,912353,127.914,0,0,0,0,0,0,7132530,26.5,8827.01,0.728,28,AstraZeneca - AZD1222
PRY,South America,Paraguay,2021-04-01,216278,4250,30322.761,595.861,912353,127.914,0,0,0,0,0,0,7132530,26.5,8827.01,0.728,28,Beijing CNBG - Inactivated
PRY,South America,Paraguay,2021-04-01,216278,4250,30322.761,595.861,912353,127.914,0,0,0,0,0,0,7132530,26.5,8827.01,0.728,28,Bharat - Covaxin
PRY,South America,Paraguay,2021-04-01,216278,4250,30322.761,595.861,912353,127.914,0,0,0,0,0,0,7132530,26.5,8827.01,0.728,28,Gamaleya - Sputnik V
PRY,South America,Paraguay,2021-04-01,216278,4250,30322.761,595.861,912353,127.914,0,0,0,0,0,0,7132530,26.5,8827.01,0.728,28,Sinovac - CoronaVac
PER,South America,Peru,2021-04-01,1561723,52161,47365.349,1581.986,3137999,95.172,984449,630928,353521,2.99,1.91,1.07,32971846,29.1,12236.706,0.777,38,Beijing CNBG - Inactivated
PER,South America,Peru,2021-04-01,1561723,52161,47365.349,1581.986,3137999,95.172,984449,630928,353521,2.99,1.91,1.07,32971846,29.1,12236.706,0.777,38,Pfizer BioNTech - Comirnaty
PER,South America,Peru,2021-04-01,1561723,52161,47365.349,1581.986,3137999,95.172,984449,630928,353521,2.99,1.91,1.07,32971846,29.1,12236.706,0.777,38,Wuhan CNBG - Inactivated
PHL,Asia,Philippines,2021-04-01,756199,13303,6900.817,121.399,9713660,88.644,0,0,0,0,0,0,109581085,25.2,7599.188,0.718,34,AstraZeneca - AZD1222
PHL,Asia,Philippines,2021-04-01,756199,13303,6900.817,121.399,9713660,88.644,0,0,0,0,0,0,109581085,25.2,7599.188,0.718,34,Beijing CNBG - Inactivated
PHL,Asia,Philippines,2021-04-01,756199,13303,6900.817,121.399,9713660,88.644,0,0,0,0,0,0,109581085,25.2,7599.188,0.718,34,Bharat - Covaxin
PHL,Asia,Philippines,2021-04-01,756199,13303,6900.817,121.399,9713660,88.644,0,0,0,0,0,0,109581085,25.2,7599.188,0.718,34,Gamaleya - Sputnik V
PHL,Asia,Philippines,2021-04-01,756199,13303,6900.817,121.399,9713660,88.644,0,0,0,0,0,0,109581085,25.2,7599.188,0.718,34,Janssen - Ad26.COV 2.5
PHL,Asia,Philippines,2021-04-01,756199,13303,6900.817,121.399,9713660,88.644,0,0,0,0,0,0,109581085,25.2,7599.188,0.718,34,Moderna - mRNA-1273
PHL,Asia,Philippines,2021-04-01,756199,13303,6900.817,121.399,9713660,88.644,0,0,0,0,0,0,109581085,25.2,7599.188,0.718,34,Novavax - Covavax
PHL,Asia,Philippines,2021-04-01,756199,13303,6900.817,121.399,9713660,88.644,0,0,0,0,0,0,109581085,25.2,7599.188,0.718,34,Pfizer BioNTech - Comirnaty
PHL,Asia,Philippines,2021-04-01,756199,13303,6900.817,121.399,9713660,88.644,0,0,0,0,0,0,109581085,25.2,7599.188,0.718,34,Sinovac - CoronaVac
POL,Europe,Poland,2021-04-01,2356970,53665,62276.92,1417.961,11828428,312.536,6462769,4404565,2058204,17.08,11.64,5.44,37846605,41.8,27216.445,0.88,56,AstraZeneca - AZD1222
POL,Europe,Poland,2021-04-01,2356970,53665,62276.92,1417.961,11828428,312.536,6462769,4404565,2058204,17.08,11.64,5.44,37846605,41.8,27216.445,0.88,56,Janssen - Ad26.COV 2.5
POL,Europe,Poland,2021-04-01,2356970,53665,62276.92,1417.961,11828428,312.536,6462769,4404565,2058204,17.08,11.64,5.44,37846605,41.8,27216.445,0.88,56,Moderna - mRNA-1273
POL,Europe,Poland,2021-04-01,2356970,53665,62276.92,1417.961,11828428,312.536,6462769,4404565,2058204,17.08,11.64,5.44,37846605,41.8,27216.445,0.88,56,Pfizer BioNTech - Comirnaty
PRT,Europe,Portugal,2021-04-01,822314,16859,80645.055,1653.377,9131961,895.579,1769290,1258790,510500,17.35,12.35,5.01,10196707,46.2,27936.896,0.864,61,AstraZeneca - AZD1222
PRT,Europe,Portugal,2021-04-01,822314,16859,80645.055,1653.377,9131961,895.579,1769290,1258790,510500,17.35,12.35,5.01,10196707,46.2,27936.896,0.864,61,Moderna - mRNA-1273
PRT,Europe,Portugal,2021-04-01,822314,16859,80645.055,1653.377,9131961,895.579,1769290,1258790,510500,17.35,12.35,5.01,10196707,46.2,27936.896,0.864,61,Pfizer BioNTech - Comirnaty
QAT,Asia,Qatar,2021-04-01,180804,295,62756.069,102.393,1741631,604.51,842000,0,0,29.23,0,0,2881060,31.9,116935.6,0.848,63,Pfizer BioNTech - Comirnaty
ROU,Europe,Romania,2021-04-01,958918,23674,49845.818,1230.606,6744605,350.593,3145907,2040532,1105375,16.35,10.61,5.75,19237682,43,23313.199,0.828,44,AstraZeneca - AZD1222
ROU,Europe,Romania,2021-04-01,958918,23674,49845.818,1230.606,6744605,350.593,3145907,2040532,1105375,16.35,10.61,5.75,19237682,43,23313.199,0.828,44,Moderna - mRNA-1273
ROU,Europe,Romania,2021-04-01,958918,23674,49845.818,1230.606,6744605,350.593,3145907,2040532,1105375,16.35,10.61,5.75,19237682,43,23313.199,0.828,44,Pfizer BioNTech - Comirnaty
RUS,Europe,Russia,2021-04-01,4503291,97594,30858.311,668.752,120969620,828.931,11642295,7159411,4482884,7.98,4.91,3.07,145934460,39.6,24765.954,0.824,30,SRCVB - EpiVacCorona
RUS,Europe,Russia,2021-04-01,4503291,97594,30858.311,668.752,120969620,828.931,11642295,7159411,4482884,7.98,4.91,3.07,145934460,39.6,24765.954,0.824,30,Gamaleya - Sputnik V
RWA,Africa,Rwanda,2021-04-01,21918,308,1692.221,23.78,1156698,89.305,0,0,0,0,0,0,12952209,20.3,1854.211,0.543,54,Moderna - mRNA-1273
RWA,Africa,Rwanda,2021-04-01,21918,308,1692.221,23.78,1156698,89.305,0,0,0,0,0,0,12952209,20.3,1854.211,0.543,54,Pfizer BioNTech - Comirnaty
RWA,Africa,Rwanda,2021-04-01,21918,308,1692.221,23.78,1156698,89.305,0,0,0,0,0,0,12952209,20.3,1854.211,0.543,54,SII - Covishield
KNA,North America,Saint Kitts and Nevis,2021-04-01,44,0,827.192,0,0,0,0,0,0,0,0,0,53192,36.5,24654.385,0.779,NA,AstraZeneca - AZD1222
KNA,North America,Saint Kitts and Nevis,2021-04-01,44,0,827.192,0,0,0,0,0,0,0,0,0,53192,36.5,24654.385,0.779,NA,SII - Covishield
LCA,North America,Saint Lucia,2021-04-01,4245,61,23117.264,332.192,0,0,22554,0,0,12.28,0,0,183629,34.9,12951.839,0.759,56,AstraZeneca - AZD1222
LCA,North America,Saint Lucia,2021-04-01,4245,61,23117.264,332.192,0,0,22554,0,0,12.28,0,0,183629,34.9,12951.839,0.759,56,SII - Covishield
VCT,North America,Saint Vincent and the Grenadines,2021-04-01,1750,10,15773.297,90.133,0,0,0,0,0,0,0,0,110947,31.8,10727.146,0.738,59,AstraZeneca - AZD1222
VCT,North America,Saint Vincent and the Grenadines,2021-04-01,1750,10,15773.297,90.133,0,0,0,0,0,0,0,0,110947,31.8,10727.146,0.738,59,Gamaleya - Sputnik V
VCT,North America,Saint Vincent and the Grenadines,2021-04-01,1750,10,15773.297,90.133,0,0,0,0,0,0,0,0,110947,31.8,10727.146,0.738,59,SII - Covishield
WSM,Oceania,Samoa,2021-04-01,3,0,15.12,0,0,0,0,0,0,0,0,0,198410,22,6021.557,0.715,NA,NA
SMR,Europe,San Marino,2021-04-01,4730,84,139371.796,2475.102,0,0,0,0,0,0,0,0,33938,45.2,56861.47,0.961,NA,Gamaleya - Sputnik V
SMR,Europe,San Marino,2021-04-01,4730,84,139371.796,2475.102,0,0,0,0,0,0,0,0,33938,45.2,56861.47,0.961,NA,Pfizer BioNTech - Comirnaty
STP,Africa,Sao Tome and Principe,2021-04-01,2232,34,10184.294,155.137,0,0,0,0,0,0,0,0,219161,18.7,3052.714,0.625,47,AstraZeneca - AZD1222
STP,Africa,Sao Tome and Principe,2021-04-01,2232,34,10184.294,155.137,0,0,0,0,0,0,0,0,219161,18.7,3052.714,0.625,47,SII - Covishield
SAU,Asia,Saudi Arabia,2021-04-01,390597,6676,11219.581,191.763,15245394,437.912,4571478,0,0,13.13,0,0,34813867,31.9,49045.411,0.854,53,AstraZeneca - AZD1222
SAU,Asia,Saudi Arabia,2021-04-01,390597,6676,11219.581,191.763,15245394,437.912,4571478,0,0,13.13,0,0,34813867,31.9,49045.411,0.854,53,Moderna - mRNA-1273
SAU,Asia,Saudi Arabia,2021-04-01,390597,6676,11219.581,191.763,15245394,437.912,4571478,0,0,13.13,0,0,34813867,31.9,49045.411,0.854,53,Pfizer BioNTech - Comirnaty
SEN,Africa,Senegal,2021-04-01,38782,1054,2316.183,62.948,451365,26.957,274942,274942,0,1.64,1.64,0,16743930,18.7,2470.58,0.512,45,Beijing CNBG - Inactivated
SEN,Africa,Senegal,2021-04-01,38782,1054,2316.183,62.948,451365,26.957,274942,274942,0,1.64,1.64,0,16743930,18.7,2470.58,0.512,45,SII - Covishield
SRB,Europe,Serbia,2021-04-01,605406,5345,88970.161,785.499,3441136,505.708,2488631,1450922,1037709,36.57,21.32,15.25,6804596,41.2,14048.881,0.806,38,AstraZeneca - AZD1222
SRB,Europe,Serbia,2021-04-01,605406,5345,88970.161,785.499,3441136,505.708,2488631,1450922,1037709,36.57,21.32,15.25,6804596,41.2,14048.881,0.806,38,Beijing CNBG - Inactivated
SRB,Europe,Serbia,2021-04-01,605406,5345,88970.161,785.499,3441136,505.708,2488631,1450922,1037709,36.57,21.32,15.25,6804596,41.2,14048.881,0.806,38,Gamaleya - Sputnik V
SRB,Europe,Serbia,2021-04-01,605406,5345,88970.161,785.499,3441136,505.708,2488631,1450922,1037709,36.57,21.32,15.25,6804596,41.2,14048.881,0.806,38,Pfizer BioNTech - Comirnaty
SYC,Africa,Seychelles,2021-04-01,4135,22,42047.997,223.714,0,0,102080,64123,37957,103.8,65.21,38.6,98340,36.2,26382.287,0.796,66,Beijing CNBG - Inactivated
SYC,Africa,Seychelles,2021-04-01,4135,22,42047.997,223.714,0,0,102080,64123,37957,103.8,65.21,38.6,98340,36.2,26382.287,0.796,66,SII - Covishield
SLE,Africa,Sierra Leone,2021-04-01,3981,79,499.061,9.903,0,0,0,0,0,0,0,0,7976985,19.1,1390.3,0.452,33,Beijing CNBG - Inactivated
SLE,Africa,Sierra Leone,2021-04-01,3981,79,499.061,9.903,0,0,0,0,0,0,0,0,7976985,19.1,1390.3,0.452,33,SII - Covishield
SGP,Asia,Singapore,2021-04-01,60407,30,10325.378,5.128,0,0,0,0,0,0,0,0,5850343,42.4,85535.383,0.938,85,AstraZeneca - AZD1222
SGP,Asia,Singapore,2021-04-01,60407,30,10325.378,5.128,0,0,0,0,0,0,0,0,5850343,42.4,85535.383,0.938,85,Moderna - mRNA-1273
SGP,Asia,Singapore,2021-04-01,60407,30,10325.378,5.128,0,0,0,0,0,0,0,0,5850343,42.4,85535.383,0.938,85,Pfizer BioNTech - Comirnaty
SVK,Europe,Slovakia,2021-04-01,362489,9790,66394.268,1793.158,26070915,4775.205,1006752,742888,263864,18.44,13.61,4.83,5459643,41.2,30155.152,0.86,49,AstraZeneca - AZD1222
SVK,Europe,Slovakia,2021-04-01,362489,9790,66394.268,1793.158,26070915,4775.205,1006752,742888,263864,18.44,13.61,4.83,5459643,41.2,30155.152,0.86,49,Moderna - mRNA-1273
SVK,Europe,Slovakia,2021-04-01,362489,9790,66394.268,1793.158,26070915,4775.205,1006752,742888,263864,18.44,13.61,4.83,5459643,41.2,30155.152,0.86,49,Pfizer BioNTech - Comirnaty
SVN,Europe,Slovenia,2021-04-01,216939,4054,104351.176,1950.04,1069686,514.536,389585,272356,117229,18.74,13.1,5.64,2078932,44.5,31400.84,0.917,60,AstraZeneca - AZD1222
SVN,Europe,Slovenia,2021-04-01,216939,4054,104351.176,1950.04,1069686,514.536,389585,272356,117229,18.74,13.1,5.64,2078932,44.5,31400.84,0.917,60,Moderna - mRNA-1273
SVN,Europe,Slovenia,2021-04-01,216939,4054,104351.176,1950.04,1069686,514.536,389585,272356,117229,18.74,13.1,5.64,2078932,44.5,31400.84,0.917,60,Pfizer BioNTech - Comirnaty
SLB,Oceania,Solomon Islands,2021-04-01,19,0,27.661,0,0,0,0,0,0,0,0,0,686878,20.8,2205.923,0.567,42,Beijing CNBG - Inactivated
SLB,Oceania,Solomon Islands,2021-04-01,19,0,27.661,0,0,0,0,0,0,0,0,0,686878,20.8,2205.923,0.567,42,SII - Covishield
SOM,Africa,Somalia,2021-04-01,11499,537,723.516,33.788,0,0,0,0,0,0,0,0,15893219,16.8,NA,0.364,12,SII - Covishield
ZAF,Africa,South Africa,2021-04-01,1549451,52897,26125.193,891.893,9912073,167.127,269102,269102,269102,0.45,0.45,0.45,59308690,27.3,12294.876,0.709,44,Janssen - Ad26.COV 2.5
KOR,Asia,South Korea,2021-04-01,104194,1737,2032.293,33.88,7678644,149.771,933924,914069,19855,1.82,1.78,0.04,51269183,43.4,35938.374,0.916,61,AstraZeneca - AZD1222
KOR,Asia,South Korea,2021-04-01,104194,1737,2032.293,33.88,7678644,149.771,933924,914069,19855,1.82,1.78,0.04,51269183,43.4,35938.374,0.916,61,Janssen - Ad26.COV 2.5
KOR,Asia,South Korea,2021-04-01,104194,1737,2032.293,33.88,7678644,149.771,933924,914069,19855,1.82,1.78,0.04,51269183,43.4,35938.374,0.916,61,Moderna - mRNA-1273
KOR,Asia,South Korea,2021-04-01,104194,1737,2032.293,33.88,7678644,149.771,933924,914069,19855,1.82,1.78,0.04,51269183,43.4,35938.374,0.916,61,Novavax - Covavax
KOR,Asia,South Korea,2021-04-01,104194,1737,2032.293,33.88,7678644,149.771,933924,914069,19855,1.82,1.78,0.04,51269183,43.4,35938.374,0.916,61,Pfizer BioNTech - Comirnaty
SSD,Africa,South Sudan,2021-04-01,10197,112,910.956,10.006,0,0,0,0,0,0,0,0,11193729,19.2,1569.888,0.433,12,SII - Covishield
ESP,Europe,Spain,2021-04-01,3291394,75541,70396.947,1615.685,37051805,792.471,8342155,5545140,2797015,17.84,11.86,5.98,46754783,45.5,34272.36,0.904,62,AstraZeneca - AZD1222
ESP,Europe,Spain,2021-04-01,3291394,75541,70396.947,1615.685,37051805,792.471,8342155,5545140,2797015,17.84,11.86,5.98,46754783,45.5,34272.36,0.904,62,Moderna - mRNA-1273
ESP,Europe,Spain,2021-04-01,3291394,75541,70396.947,1615.685,37051805,792.471,8342155,5545140,2797015,17.84,11.86,5.98,46754783,45.5,34272.36,0.904,62,Pfizer BioNTech - Comirnaty
LKA,Asia,Sri Lanka,2021-04-01,92917,571,4339.229,26.666,0,0,919753,919753,0,4.3,4.3,0,21413250,34.1,11669.077,0.782,38,Beijing CNBG - Inactivated
LKA,Asia,Sri Lanka,2021-04-01,92917,571,4339.229,26.666,0,0,919753,919753,0,4.3,4.3,0,21413250,34.1,11669.077,0.782,38,Gamaleya - Sputnik V
LKA,Asia,Sri Lanka,2021-04-01,92917,571,4339.229,26.666,0,0,919753,919753,0,4.3,4.3,0,21413250,34.1,11669.077,0.782,38,SII - Covishield
SDN,Africa,Sudan,2021-04-01,31833,2063,725.964,47.048,0,0,0,0,0,0,0,0,43849269,19.7,4466.507,0.51,16,Pfizer BioNTech - Comirnaty
SDN,Africa,Sudan,2021-04-01,31833,2063,725.964,47.048,0,0,0,0,0,0,0,0,43849269,19.7,4466.507,0.51,16,SII - Covishield
SUR,South America,Suriname,2021-04-01,9122,177,15549.729,301.721,0,0,0,0,0,0,0,0,586634,29.6,13767.119,0.738,38,AstraZeneca - AZD1222
SUR,South America,Suriname,2021-04-01,9122,177,15549.729,301.721,0,0,0,0,0,0,0,0,586634,29.6,13767.119,0.738,38,SII - Covishield
SWE,Europe,Sweden,2021-04-01,813191,13498,80519.78,1336.532,0,0,0,0,0,0,0,0,10099270,41,46949.283,0.945,85,AstraZeneca - AZD1222
SWE,Europe,Sweden,2021-04-01,813191,13498,80519.78,1336.532,0,0,0,0,0,0,0,0,10099270,41,46949.283,0.945,85,Moderna - mRNA-1273
SWE,Europe,Sweden,2021-04-01,813191,13498,80519.78,1336.532,0,0,0,0,0,0,0,0,10099270,41,46949.283,0.945,85,Pfizer BioNTech - Comirnaty
CHE,Europe,Switzerland,2021-04-01,603092,10350,69684.416,1195.893,5743027,663.579,1562013,976631,585382,18.05,11.28,6.76,8654618,43.1,57410.166,0.955,85,Moderna - mRNA-1273
CHE,Europe,Switzerland,2021-04-01,603092,10350,69684.416,1195.893,5743027,663.579,1562013,976631,585382,18.05,11.28,6.76,8654618,43.1,57410.166,0.955,85,Pfizer BioNTech - Comirnaty
SYR,Asia,Syria,2021-04-01,19039,1274,1087.902,72.797,0,0,0,0,0,0,0,0,17500657,21.7,NA,0.567,14,Gamaleya - Sputnik V
TWN,Asia,Taiwan,2021-04-01,1036,10,43.499,0.42,190986,8.019,16450,16450,0,0.07,0.07,0,23816775,42.2,NA,0.907,65,NA
TJK,Asia,Tajikistan,2021-04-01,13308,90,1395.313,9.436,0,0,0,0,0,0,0,0,9537642,23.3,2896.913,0.668,25,AstraZeneca - AZD1222
TZA,Africa,Tanzania,2021-04-01,509,21,8.521,0.352,0,0,0,0,0,0,0,0,59734213,17.7,2683.304,0.529,38,NA
THA,Asia,Thailand,2021-04-01,28889,94,413.883,1.347,3301635,47.301,0,0,0,0,0,0,69799978,40.1,16277.671,0.777,36,Janssen - Ad26.COV 2.5
THA,Asia,Thailand,2021-04-01,28889,94,413.883,1.347,3301635,47.301,0,0,0,0,0,0,69799978,40.1,16277.671,0.777,36,SII - Covishield
THA,Asia,Thailand,2021-04-01,28889,94,413.883,1.347,3301635,47.301,0,0,0,0,0,0,69799978,40.1,16277.671,0.777,36,Sinovac - CoronaVac
TLS,Asia,Timor,2021-04-01,643,0,487.697,0,0,0,0,0,0,0,0,0,1318442,18,6570.102,0.606,40,SII - Covishield
TGO,Africa,Togo,2021-04-01,10654,110,1286.911,13.287,276186,33.361,0,0,0,0,0,0,8278737,19.4,1429.813,0.515,29,SII - Covishield
TTO,North America,Trinidad and Tobago,2021-04-01,8072,145,5767.811,103.609,110530,78.979,0,0,0,0,0,0,1399491,36.2,28763.071,0.796,40,AstraZeneca - AZD1222
TTO,North America,Trinidad and Tobago,2021-04-01,8072,145,5767.811,103.609,110530,78.979,0,0,0,0,0,0,1399491,36.2,28763.071,0.796,40,SII - Covishield
TUN,Africa,Tunisia,2021-04-01,255308,8843,21602.187,748.226,1109826,93.905,0,0,0,0,0,0,11818618,32.7,10849.297,0.74,44,AstraZeneca - AZD1222
TUN,Africa,Tunisia,2021-04-01,255308,8843,21602.187,748.226,1109826,93.905,0,0,0,0,0,0,11818618,32.7,10849.297,0.74,44,Gamaleya - Sputnik V
TUN,Africa,Tunisia,2021-04-01,255308,8843,21602.187,748.226,1109826,93.905,0,0,0,0,0,0,11818618,32.7,10849.297,0.74,44,Pfizer BioNTech - Comirnaty
TUR,Asia,Turkey,2021-04-01,3357988,31713,39815.333,376.018,38821795,460.306,16148683,9206500,6942183,19.15,10.92,8.23,84339067,31.6,25129.341,0.82,40,Pfizer BioNTech - Comirnaty
TUR,Asia,Turkey,2021-04-01,3357988,31713,39815.333,376.018,38821795,460.306,16148683,9206500,6942183,19.15,10.92,8.23,84339067,31.6,25129.341,0.82,40,Sinovac - CoronaVac
UGA,Africa,Uganda,2021-04-01,40889,335,893.924,7.324,948526,20.737,0,0,0,0,0,0,45741000,16.4,1697.707,0.544,27,SII - Covishield
UKR,Europe,Ukraine,2021-04-01,1742710,34885,39848.164,797.668,8179905,187.039,267835,267833,2,0.61,0.61,0,43733759,41.4,7894.393,0.779,33,AstraZeneca - AZD1222
UKR,Europe,Ukraine,2021-04-01,1742710,34885,39848.164,797.668,8179905,187.039,267835,267833,2,0.61,0.61,0,43733759,41.4,7894.393,0.779,33,Pfizer BioNTech - Comirnaty
UKR,Europe,Ukraine,2021-04-01,1742710,34885,39848.164,797.668,8179905,187.039,267835,267833,2,0.61,0.61,0,43733759,41.4,7894.393,0.779,33,Sinovac - CoronaVac
ARE,Asia,United Arab Emirates,2021-04-01,463759,1499,46889.812,151.561,37836288,3825.557,8391302,0,0,84.84,0,0,9890400,34,67293.483,0.89,71,AstraZeneca - AZD1222
ARE,Asia,United Arab Emirates,2021-04-01,463759,1499,46889.812,151.561,37836288,3825.557,8391302,0,0,84.84,0,0,9890400,34,67293.483,0.89,71,Pfizer BioNTech - Comirnaty
ARE,Asia,United Arab Emirates,2021-04-01,463759,1499,46889.812,151.561,37836288,3825.557,8391302,0,0,84.84,0,0,9890400,34,67293.483,0.89,71,Beijing CNBG - Inactivated
ARE,Asia,United Arab Emirates,2021-04-01,463759,1499,46889.812,151.561,37836288,3825.557,8391302,0,0,84.84,0,0,9890400,34,67293.483,0.89,71,Wuhan CNBG - Inactivated
ARE,Asia,United Arab Emirates,2021-04-01,463759,1499,46889.812,151.561,37836288,3825.557,8391302,0,0,84.84,0,0,9890400,34,67293.483,0.89,71,Gamaleya - Sputnik V
GBR,Europe,United Kingdom,2021-04-01,4364547,127006,64292.295,1870.872,125225481,1844.644,36277136,31318262,4958874,53.44,46.13,7.3,67886004,40.8,39753.244,0.932,77,AstraZeneca - AZD1222
GBR,Europe,United Kingdom,2021-04-01,4364547,127006,64292.295,1870.872,125225481,1844.644,36277136,31318262,4958874,53.44,46.13,7.3,67886004,40.8,39753.244,0.932,77,Moderna - mRNA-1273
GBR,Europe,United Kingdom,2021-04-01,4364547,127006,64292.295,1870.872,125225481,1844.644,36277136,31318262,4958874,53.44,46.13,7.3,67886004,40.8,39753.244,0.932,77,Pfizer BioNTech - Comirnaty
USA,North America,United States,2021-04-01,30541255,553468,92268.915,1672.095,383606430,1158.923,153631404,99565311,56089614,45.94,29.77,16.77,331002647,38.3,54225.446,0.926,67,Janssen - Ad26.COV 2.5
USA,North America,United States,2021-04-01,30541255,553468,92268.915,1672.095,383606430,1158.923,153631404,99565311,56089614,45.94,29.77,16.77,331002647,38.3,54225.446,0.926,67,Moderna - mRNA-1273
USA,North America,United States,2021-04-01,30541255,553468,92268.915,1672.095,383606430,1158.923,153631404,99565311,56089614,45.94,29.77,16.77,331002647,38.3,54225.446,0.926,67,Pfizer BioNTech - Comirnaty
URY,South America,Uruguay,2021-04-01,108188,1009,31144.647,290.466,1387452,399.413,722720,663677,59043,20.81,19.11,1.7,3473727,35.6,20551.409,0.817,71,AstraZeneca - AZD1222
URY,South America,Uruguay,2021-04-01,108188,1009,31144.647,290.466,1387452,399.413,722720,663677,59043,20.81,19.11,1.7,3473727,35.6,20551.409,0.817,71,Pfizer BioNTech - Comirnaty
URY,South America,Uruguay,2021-04-01,108188,1009,31144.647,290.466,1387452,399.413,722720,663677,59043,20.81,19.11,1.7,3473727,35.6,20551.409,0.817,71,Sinovac - CoronaVac
UZB,Asia,Uzbekistan,2021-04-01,83050,630,2481.386,18.823,0,0,0,0,0,0,0,0,33469199,28.2,6253.104,0.72,26,AstraZeneca - AZD1222
VUT,Oceania,Vanuatu,2021-04-01,3,0,9.767,0,0,0,0,0,0,0,0,0,307150,23.1,2921.909,0.609,43,NA
VEN,South America,Venezuela,2021-04-01,161751,1615,5688.259,56.794,0,0,0,0,0,0,0,0,28435943,29,16745.022,0.711,15,Beijing CNBG - Inactivated
VEN,South America,Venezuela,2021-04-01,161751,1615,5688.259,56.794,0,0,0,0,0,0,0,0,28435943,29,16745.022,0.711,15,Gamaleya - Sputnik V
VEN,South America,Venezuela,2021-04-01,161751,1615,5688.259,56.794,0,0,0,0,0,0,0,0,28435943,29,16745.022,0.711,15,Wuhan CNBG - Inactivated
VNM,Asia,Vietnam,2021-04-01,2617,35,26.886,0.36,0,0,51216,51216,0,0.05,0.05,0,97338583,32.6,6171.884,0.704,36,AstraZeneca - AZD1222
VNM,Asia,Vietnam,2021-04-01,2617,35,26.886,0.36,0,0,51216,51216,0,0.05,0.05,0,97338583,32.6,6171.884,0.704,36,Gamaleya - Sputnik V
YEM,Asia,Yemen,2021-04-01,4531,906,151.915,30.376,0,0,0,0,0,0,0,0,29825968,20.3,1479.147,0.47,15,SII - Covishield
ZMB,Africa,Zambia,2021-04-01,88549,1212,4816.646,65.927,1257477,68.401,0,0,0,0,0,0,18383956,17.7,3689.251,0.584,33,SII - Covishield
ZWE,Africa,Zimbabwe,2021-04-01,36896,1523,2482.418,102.47,439630,29.579,105307,87791,17516,0.71,0.59,0.12,14862927,19.6,1899.775,0.571,24,Beijing CNBG - Inactivated
ZWE,Africa,Zimbabwe,2021-04-01,36896,1523,2482.418,102.47,439630,29.579,105307,87791,17516,0.71,0.59,0.12,14862927,19.6,1899.775,0.571,24,Bharat - Covaxin
ZWE,Africa,Zimbabwe,2021-04-01,36896,1523,2482.418,102.47,439630,29.579,105307,87791,17516,0.71,0.59,0.12,14862927,19.6,1899.775,0.571,24,Sinovac - CoronaVac
